-0.17341509461402893,0.13938094675540924,0.0324082151055336,-0.11298495531082153,-0.17740324139595032,-0.026485852897167206,-0.0642038956284523,-0.12674899399280548,0.17042291164398193,-0.1566486656665802,0.2502599358558655,-0.09094060957431793,-0.23016119003295898,-0.034884013235569,-0.08425800502300262,0.24170780181884766,-0.23454272747039795,-0.13248798251152039,0.01787733845412731,-0.038816362619400024,0.12890270352363586,0.05696398392319679,-0.04515532776713371,0.03390372544527054,-0.13567349314689636,-0.4112643003463745,-0.11408721655607224,-0.0716516524553299,-0.01859593391418457,-0.06773313879966736,0.0010261721909046173,0.013474516570568085,-0.19690603017807007,-0.05182879418134689,0.038896724581718445,0.11925502866506577,-0.004411764442920685,-0.10172373056411743,0.1440722495317459,0.02035306766629219,-0.21501734852790833,0.00032952427864074707,0.07348290085792542,0.2677175998687744,0.09230715036392212,0.049416154623031616,0.04767952114343643,-0.13898327946662903,0.10744187980890274,-0.1269529163837433,0.01088173221796751,0.10451054573059082,0.032502882182598114,0.04869084060192108,0.008434675633907318,-0.1399606466293335,0.056343138217926025,0.10830414295196533,-0.19659484922885895,-0.015468932688236237,0.1381162405014038,-0.10462566465139389,-0.025076974183321,-0.08594287931919098,0.25801390409469604,0.053639281541109085,-0.10887661576271057,-0.1654762476682663,0.17566169798374176,-0.0968668982386589,-0.10050512850284576,-0.02093338593840599,-0.1591421365737915,-0.17942367494106293,-0.3257339894771576,0.02815568447113037,0.4144788384437561,0.10455672442913055,-0.132769376039505,0.053478218615055084,0.00689128739759326,-0.0073729753494262695,0.13441401720046997,0.1846228837966919,0.0297870934009552,0.027860984206199646,-0.06881363689899445,0.09331433475017548,0.230237677693367,-0.06468939036130905,-0.03211129456758499,0.20613524317741394,-0.03185074403882027,0.07243016362190247,0.0024954630061984062,0.04324013739824295,-0.11037573218345642,0.06839095056056976,-0.06175423413515091,0.04371267557144165,0.07240445911884308,-0.03225314989686012,-0.022914618253707886,0.1458110511302948,-0.16798453032970428,0.12506888806819916,-0.016367018222808838,-0.010078184306621552,-0.06795681267976761,-0.02734014391899109,-0.10680373013019562,-0.011642485857009888,0.13001574575901031,-0.21913625299930573,0.2502215504646301,0.2169954478740692,0.03342605382204056,0.17197421193122864,0.11088302731513977,0.018925786018371582,0.03067617118358612,-0.04807315021753311,-0.26901960372924805,-0.0726829543709755,0.09066322445869446,-0.05605997145175934,0.11340836435556412,0.01966952532529831
-0.15840722620487213,0.11968640983104706,0.01283322274684906,-0.13229387998580933,-0.18305355310440063,-0.01638951152563095,-0.04308779165148735,-0.15025366842746735,0.18426750600337982,-0.18556919693946838,0.2544873356819153,-0.10233882814645767,-0.22711323201656342,-0.01794053241610527,-0.09949003905057907,0.24266096949577332,-0.23204420506954193,-0.12834610044956207,0.009888535365462303,-0.037245795130729675,0.13746027648448944,0.04550951346755028,-0.03429989144206047,0.03977959603071213,-0.11515002697706223,-0.3673020303249359,-0.11642425507307053,-0.06239306181669235,-0.010726405307650566,-0.07450556755065918,-0.0031299740076065063,0.02991638332605362,-0.19392195343971252,-0.05108926445245743,0.03701765090227127,0.12703639268875122,0.00026009976863861084,-0.11944369971752167,0.1400493085384369,-0.013352706097066402,-0.20826123654842377,-0.02059285342693329,0.09367470443248749,0.24806839227676392,0.07776433229446411,0.009312927722930908,0.010354295372962952,-0.15170347690582275,0.11759866029024124,-0.1277603954076767,-0.01882488839328289,0.07401250302791595,0.016049761325120926,0.05891483649611473,0.014696232974529266,-0.1301438808441162,0.08354121446609497,0.13628457486629486,-0.19309866428375244,-0.026375196874141693,0.14174099266529083,-0.11601542681455612,-0.03375989943742752,-0.0989275649189949,0.254141241312027,0.07477706670761108,-0.10405905544757843,-0.17637121677398682,0.15942177176475525,-0.08008876442909241,-0.09787489473819733,-0.01064903661608696,-0.15284082293510437,-0.16756436228752136,-0.2904210090637207,-0.0010882318019866943,0.4131264090538025,0.10951273888349533,-0.12548615038394928,0.058363787829875946,0.01803702302277088,-0.0063332319259643555,0.15336577594280243,0.16645775735378265,0.028345894068479538,0.044499531388282776,-0.08092053979635239,0.10691072046756744,0.2137838453054428,-0.06937075406312943,-0.02243291400372982,0.20847409963607788,-0.04483984783291817,0.07504654675722122,0.013022268190979958,0.05024925619363785,-0.11879956722259521,0.08106393367052078,-0.09894120693206787,0.0373804047703743,0.07914687693119049,-0.03568799048662186,-0.016586124897003174,0.13889142870903015,-0.14443597197532654,0.11042439937591553,-0.018357187509536743,0.00044896453619003296,-0.06071959435939789,-0.05345511436462402,-0.09285345673561096,0.014743968844413757,0.12097892165184021,-0.21601472795009613,0.2341742068529129,0.18038299679756165,0.02943236567080021,0.16254287958145142,0.10840196907520294,0.02107417583465576,0.02370406687259674,-0.05996723473072052,-0.27566400170326233,-0.05268470197916031,0.10559016466140747,-0.05612751096487045,0.11832334101200104,0.001742236316204071
-0.16774596273899078,0.13568788766860962,0.01792275905609131,-0.1288282871246338,-0.17136640846729279,-0.029795125126838684,-0.06027049571275711,-0.14113692939281464,0.1790360063314438,-0.1762675940990448,0.2452857941389084,-0.102478988468647,-0.23033714294433594,-0.036632124334573746,-0.08966284990310669,0.23975178599357605,-0.23860731720924377,-0.1234501451253891,0.02265537530183792,-0.03709731251001358,0.13821984827518463,0.05272682011127472,-0.033446602523326874,0.050135016441345215,-0.12123221158981323,-0.38757842779159546,-0.11393044888973236,-0.08491325378417969,-0.019633660092949867,-0.07633893191814423,-0.009433392435312271,0.02368992567062378,-0.18630467355251312,-0.05334223061800003,0.025064989924430847,0.1113993301987648,-0.0174088254570961,-0.11372029781341553,0.13750699162483215,-0.017153199762105942,-0.2148711085319519,-0.0376368910074234,0.09335063397884369,0.25435587763786316,0.09026947617530823,0.020739711821079254,0.018636053428053856,-0.1398051530122757,0.1199350655078888,-0.12981274724006653,-0.008658263832330704,0.07824964821338654,0.02596360445022583,0.06270987540483475,0.020902015268802643,-0.1366446316242218,0.07565882802009583,0.13635769486427307,-0.20344701409339905,-0.021394651383161545,0.12349149584770203,-0.12009767442941666,-0.025918062776327133,-0.08252561092376709,0.26592904329299927,0.08082003146409988,-0.10439608246088028,-0.15701444447040558,0.17206977307796478,-0.09221918880939484,-0.09536737948656082,-0.011790670454502106,-0.1514129340648651,-0.18295642733573914,-0.3015104830265045,0.003907337784767151,0.4030301570892334,0.1126193106174469,-0.12056373804807663,0.053305596113204956,0.024904631078243256,-0.012255281209945679,0.15870681405067444,0.1799233853816986,0.01677723228931427,0.029083088040351868,-0.06948548555374146,0.1000424474477768,0.21303384006023407,-0.06998252868652344,-0.02719479613006115,0.2002909779548645,-0.0412491038441658,0.07548006623983383,0.013264212757349014,0.04122067987918854,-0.11509677767753601,0.08163124322891235,-0.08994590491056442,0.04998484253883362,0.07338124513626099,-0.04117172956466675,-0.02595408260822296,0.14067280292510986,-0.14142268896102905,0.10679665207862854,0.002151697874069214,-0.007695384323596954,-0.064540795981884,-0.04320995509624481,-0.09656418114900589,-0.0053792595863342285,0.11782371997833252,-0.20792371034622192,0.2457641363143921,0.18567126989364624,0.03508058190345764,0.18081825971603394,0.09696780890226364,0.01987425982952118,0.02704140543937683,-0.07195878028869629,-0.2719484567642212,-0.04763927310705185,0.12581123411655426,-0.05300378054380417,0.1177549809217453,2.31228768825531e-05
-0.1713612824678421,0.12051299214363098,0.042251307517290115,-0.12640030682086945,-0.18307965993881226,-0.014626547694206238,-0.04576852172613144,-0.1278417855501175,0.15740513801574707,-0.1397399604320526,0.23527023196220398,-0.11482174694538116,-0.22600308060646057,-0.033487048000097275,-0.06798474490642548,0.23822373151779175,-0.23643110692501068,-0.13755545020103455,0.03012855350971222,-0.04851147532463074,0.10922856628894806,0.02933717705309391,-0.04699453338980675,0.06340420246124268,-0.1611207127571106,-0.38290661573410034,-0.10724018514156342,-0.08399249613285065,-0.02544465847313404,-0.06679193675518036,-0.007137645035982132,0.0198553204536438,-0.20516088604927063,-0.04527861252427101,0.020349524915218353,0.10854200273752213,-0.029993191361427307,-0.12091873586177826,0.13194236159324646,0.013953047804534435,-0.1994423121213913,-0.012518972158432007,0.0681556910276413,0.26750558614730835,0.09852969646453857,0.03503325581550598,0.03220890462398529,-0.1005144715309143,0.11775308102369308,-0.14140573143959045,-0.017377227544784546,0.09700116515159607,0.02295355126261711,0.050562240183353424,0.010436147451400757,-0.13467785716056824,0.0752890408039093,0.13641716539859772,-0.23838584125041962,0.011123225092887878,0.10599817335605621,-0.12182623147964478,-0.007494664750993252,-0.0867355614900589,0.25654318928718567,0.08479220420122147,-0.1063632220029831,-0.153425931930542,0.1625695526599884,-0.0773286521434784,-0.08127877116203308,-0.011762693524360657,-0.15802878141403198,-0.19590884447097778,-0.31625568866729736,0.02244359254837036,0.39145663380622864,0.1129230260848999,-0.12478865683078766,0.03734242916107178,0.019310737028717995,0.0043348148465156555,0.1452743113040924,0.1611003577709198,0.018279891461133957,0.014238163828849792,-0.08013990521430969,0.09883557260036469,0.20032811164855957,-0.06426365673542023,-0.031979311257600784,0.2099960297346115,-0.05339549481868744,0.04540117084980011,-0.003577317576855421,0.06126606464385986,-0.12914183735847473,0.09433561563491821,-0.05433181673288345,0.04666503518819809,0.08721128106117249,-0.04380543902516365,0.0036581605672836304,0.1312887966632843,-0.157487690448761,0.11117889732122421,-0.013774268329143524,-0.0009689927101135254,-0.09163965284824371,-0.04823903739452362,-0.11701531708240509,0.016969382762908936,0.12263171374797821,-0.24636328220367432,0.24960224330425262,0.21056735515594482,0.006928856950253248,0.1664806604385376,0.09231783449649811,-0.011121109127998352,0.014384925365447998,-0.06249372661113739,-0.23963281512260437,-0.05797114968299866,0.10819415748119354,-0.05147483944892883,0.1277691125869751,0.02122875303030014
-0.166228786110878,0.12428045272827148,0.030152494087815285,-0.1173190325498581,-0.18052524328231812,-0.021842598915100098,-0.059215083718299866,-0.13237664103507996,0.1719648838043213,-0.13857388496398926,0.23517726361751556,-0.10278898477554321,-0.20647193491458893,-0.04306384176015854,-0.07658858597278595,0.2333166003227234,-0.2330579161643982,-0.13863126933574677,0.044245652854442596,-0.03659645467996597,0.11574314534664154,0.02525840513408184,-0.03507417067885399,0.05982070416212082,-0.15134546160697937,-0.3754029870033264,-0.11150474101305008,-0.0867801159620285,-0.005062462761998177,-0.0724954754114151,-0.0122683085501194,0.00805005431175232,-0.2051161229610443,-0.0489407517015934,0.02815047651529312,0.12132640182971954,-0.02076476812362671,-0.1263643205165863,0.14033350348472595,-0.0013239338295534253,-0.20254069566726685,-0.036767393350601196,0.06917282193899155,0.2542208135128021,0.09378793835639954,0.022320454940199852,0.03585809841752052,-0.11710602045059204,0.1087062731385231,-0.12191265821456909,-0.012015370652079582,0.09379874914884567,0.008858893066644669,0.05559130012989044,0.013638585805892944,-0.14602719247341156,0.07681208848953247,0.13977587223052979,-0.20363202691078186,-0.0013861674815416336,0.10405120253562927,-0.10273782163858414,-0.015952732414007187,-0.08298370242118835,0.2579968273639679,0.08117397129535675,-0.09128564596176147,-0.16647128760814667,0.1671149730682373,-0.07751119881868362,-0.08443906903266907,-0.001906510442495346,-0.15464912354946136,-0.187701016664505,-0.30550745129585266,0.0036242008209228516,0.40261614322662354,0.10835067182779312,-0.13145339488983154,0.04453258216381073,0.021880434826016426,-0.00017578154802322388,0.15444415807724,0.16101573407649994,0.02014588937163353,0.03338620066642761,-0.0854388102889061,0.09532895684242249,0.2096511572599411,-0.061410725116729736,-0.025812644511461258,0.18281054496765137,-0.05501255393028259,0.05857844650745392,0.006712398957461119,0.052796512842178345,-0.1129213199019432,0.10299352556467056,-0.06461235135793686,0.037381358444690704,0.09832045435905457,-0.04300365969538689,-0.004529505968093872,0.1403716504573822,-0.1607862412929535,0.09927632659673691,0.0031817108392715454,-0.006025534123182297,-0.08008534461259842,-0.040264904499053955,-0.10898549854755402,0.01788574457168579,0.13323943316936493,-0.23322489857673645,0.26288658380508423,0.20427441596984863,0.010146482847630978,0.17141306400299072,0.09279081225395203,0.010369211435317993,0.013391971588134766,-0.06802117824554443,-0.24087050557136536,-0.0476200133562088,0.086663618683815,-0.05442969501018524,0.12308294326066971,0.014565423130989075
-0.17121396958827972,0.12191284447908401,0.03631643205881119,-0.11079248785972595,-0.18277917802333832,-0.019587993621826172,-0.046482715755701065,-0.137732595205307,0.15951578319072723,-0.15024402737617493,0.2413947582244873,-0.11448085308074951,-0.2248065173625946,-0.04555566981434822,-0.06945285201072693,0.23409216105937958,-0.2196972370147705,-0.13650980591773987,0.023441404104232788,-0.046207137405872345,0.11966516077518463,0.03993307799100876,-0.03681455925107002,0.054014988243579865,-0.14196857810020447,-0.38200753927230835,-0.10408394783735275,-0.08853542804718018,-0.009839767590165138,-0.06832179427146912,-0.016941480338573456,0.015108384191989899,-0.20197734236717224,-0.06086457148194313,0.023968756198883057,0.11199174076318741,-0.031533971428871155,-0.11969281733036041,0.14094683527946472,-0.004925660323351622,-0.20387475192546844,-0.03333677351474762,0.07165370136499405,0.2623930275440216,0.09171643853187561,0.027113985270261765,0.03434525430202484,-0.11725224554538727,0.10902272909879684,-0.1388617306947708,-0.003071509301662445,0.08749246597290039,0.024440661072731018,0.05676165223121643,0.019188672304153442,-0.1446525603532791,0.07619044184684753,0.13815456628799438,-0.21382492780685425,0.013866843655705452,0.11381885409355164,-0.11694440990686417,-0.015196006745100021,-0.07910832017660141,0.2597534954547882,0.075384221971035,-0.0925445482134819,-0.15547828376293182,0.16377033293247223,-0.07808639109134674,-0.0877600759267807,0.0005690045654773712,-0.15860790014266968,-0.19529730081558228,-0.3182835578918457,0.016005173325538635,0.40875786542892456,0.1153465211391449,-0.13421162962913513,0.033482104539871216,0.028022868558764458,0.005268402397632599,0.1684752106666565,0.16366156935691833,0.020479723811149597,0.01942303776741028,-0.08678114414215088,0.10285414755344391,0.20586931705474854,-0.06880398839712143,-0.04336671903729439,0.19872638583183289,-0.04603640362620354,0.05361725389957428,0.008383581414818764,0.05856148153543472,-0.11112648248672485,0.08971801400184631,-0.07071997225284576,0.040045469999313354,0.10411916673183441,-0.0416722372174263,-0.005444720387458801,0.1378769874572754,-0.15107710659503937,0.10527278482913971,-0.008748337626457214,-0.0025389939546585083,-0.08133642375469208,-0.05812583863735199,-0.11163997650146484,0.021982192993164062,0.12739357352256775,-0.22496527433395386,0.25307193398475647,0.20463356375694275,0.015647580847144127,0.17384937405586243,0.09379637241363525,-0.003975033760070801,0.021971434354782104,-0.07046189159154892,-0.25181710720062256,-0.054741885513067245,0.11052082479000092,-0.04501932114362717,0.1287720799446106,0.0184720940887928
-0.14625556766986847,0.1024216040968895,0.03585199639201164,-0.07225064933300018,-0.170780748128891,-0.061467740684747696,-0.07536318898200989,-0.12932226061820984,0.15188193321228027,-0.14990286529064178,0.22770416736602783,-0.0973832905292511,-0.1951044648885727,-0.05320920795202255,-0.09127052128314972,0.23070219159126282,-0.2118908017873764,-0.13605371117591858,0.0045275092124938965,-0.02454148232936859,0.13671082258224487,0.03297731652855873,-0.02518167346715927,0.032557979226112366,-0.1195424497127533,-0.39250683784484863,-0.12406918406486511,-0.08483920246362686,-0.0058160200715065,-0.06348100304603577,-0.026363227516412735,0.0400717556476593,-0.1945173740386963,-0.0758219063282013,0.04332803934812546,0.07789185643196106,0.006488986313343048,-0.10341136902570724,0.1518409252166748,-0.01765308529138565,-0.22345009446144104,-0.0443996787071228,0.09959755092859268,0.2315518856048584,0.10056236386299133,0.038208961486816406,0.028274323791265488,-0.1405109465122223,0.11316359788179398,-0.13140884041786194,-0.008883155882358551,0.10192006826400757,0.020220724865794182,0.07842424511909485,0.023890547454357147,-0.07893620431423187,0.07398375868797302,0.1366502195596695,-0.19201338291168213,-0.000745922327041626,0.1191600114107132,-0.12508320808410645,-0.031214654445648193,-0.10137669742107391,0.2627486288547516,0.08690667152404785,-0.07972081005573273,-0.17283368110656738,0.15700708329677582,-0.10905923694372177,-0.11475203931331635,-0.0026889480650424957,-0.13104768097400665,-0.1641944944858551,-0.29691842198371887,-0.022566616535186768,0.42542731761932373,0.1178058460354805,-0.131953626871109,0.07133984565734863,-5.3200870752334595e-05,-0.04496839642524719,0.1665286421775818,0.1665440797805786,0.03475445508956909,0.037680551409721375,-0.05369722470641136,0.08570103347301483,0.24773412942886353,-0.06792613118886948,-0.005800984799861908,0.1934172511100769,-0.04884633421897888,0.08833403140306473,0.008588369004428387,0.024415984749794006,-0.09305652230978012,0.08408164978027344,-0.07159479707479477,0.03287751227617264,0.0780019462108612,-0.0086128618568182,0.0043885111808776855,0.11302410066127777,-0.11477288603782654,0.08166252821683884,-0.0076974257826805115,0.019858840852975845,-0.03289850801229477,-0.03826060891151428,-0.09121888130903244,-0.023103326559066772,0.10411733388900757,-0.19595025479793549,0.25570446252822876,0.15604466199874878,0.01588326320052147,0.14186587929725647,0.08773575723171234,0.04169560968875885,0.016805395483970642,-0.08082789927721024,-0.2506810128688812,-0.041189536452293396,0.131245419383049,-0.05005664378404617,0.11442463099956512,-0.009039219468832016
-0.13843460381031036,0.09858062863349915,0.026322508230805397,-0.07199843972921371,-0.16465461254119873,-0.06255480647087097,-0.0778704509139061,-0.14668694138526917,0.15177540481090546,-0.15797942876815796,0.23577284812927246,-0.0961868017911911,-0.18644466996192932,-0.05920230969786644,-0.09034597873687744,0.22552427649497986,-0.22596877813339233,-0.125796377658844,0.01380249485373497,-0.03824494779109955,0.13568755984306335,0.03455320745706558,-0.01778576150536537,0.04026591777801514,-0.12246651947498322,-0.377838134765625,-0.1269053816795349,-0.08707153797149658,0.006205294281244278,-0.061279162764549255,-0.019796963781118393,0.048008985817432404,-0.2006511390209198,-0.0682864710688591,0.04168440401554108,0.07322591543197632,0.019067712128162384,-0.09279510378837585,0.1477683186531067,-0.020862270146608353,-0.22163048386573792,-0.04373161494731903,0.10033147037029266,0.22262434661388397,0.10407456755638123,0.03238905221223831,0.013123022392392159,-0.13598224520683289,0.11579980701208115,-0.11990974843502045,-0.007565818727016449,0.09816372394561768,0.014703172259032726,0.07119247317314148,0.021197810769081116,-0.08073750883340836,0.0625292956829071,0.14106301963329315,-0.18888527154922485,-0.00842486135661602,0.11165128648281097,-0.12529544532299042,-0.025683939456939697,-0.09367147088050842,0.257830411195755,0.09380853176116943,-0.07884190231561661,-0.18249762058258057,0.1525108516216278,-0.11583184450864792,-0.11446952074766159,0.009528350085020065,-0.13032186031341553,-0.15036636590957642,-0.3044593334197998,-0.025486379861831665,0.4241880178451538,0.10137975215911865,-0.11894519627094269,0.07436874508857727,0.004140445962548256,-0.05140429735183716,0.16812492907047272,0.16990002989768982,0.03652961552143097,0.034467220306396484,-0.04172267019748688,0.08473753929138184,0.23645512759685516,-0.06020592153072357,-0.012886160053312778,0.19879958033561707,-0.06567533314228058,0.08968927711248398,0.008242763578891754,0.02782648801803589,-0.09379728138446808,0.08167775720357895,-0.06254657357931137,0.030629068613052368,0.06988603621721268,-0.006250113248825073,0.0047916024923324585,0.12031848728656769,-0.11809747666120529,0.07560702413320541,-0.012184381484985352,0.023046307265758514,-0.026541948318481445,-0.032166242599487305,-0.08468838036060333,-0.0232342928647995,0.09976640343666077,-0.21105565130710602,0.2585310935974121,0.14812123775482178,0.010638908483088017,0.13922174274921417,0.0767149031162262,0.0415644496679306,0.01384514570236206,-0.07952003180980682,-0.24679629504680634,-0.03613078594207764,0.1298387497663498,-0.06393977999687195,0.11051081120967865,-0.018598057329654694
-0.14265570044517517,0.10996975749731064,0.019663093611598015,-0.08279649913311005,-0.16295045614242554,-0.055357884615659714,-0.0604698583483696,-0.14060525596141815,0.17173036932945251,-0.1685386598110199,0.2305998057126999,-0.08196689188480377,-0.20793695747852325,-0.05242820456624031,-0.06095384433865547,0.22441628575325012,-0.22029045224189758,-0.14384576678276062,0.0439600795507431,-0.006930306553840637,0.16120056807994843,0.03439513221383095,-0.03987651318311691,0.03030625730752945,-0.12213501334190369,-0.36734846234321594,-0.11553843319416046,-0.07248891890048981,-0.011374931782484055,-0.06448288261890411,-0.023575279861688614,0.022186867892742157,-0.19853295385837555,-0.07409047335386276,0.05522695183753967,0.12939880788326263,-0.004842326045036316,-0.09412720054388046,0.15746909379959106,-0.00851545762270689,-0.2363574504852295,-0.028882235288619995,0.07216589897871017,0.2469562441110611,0.09577162563800812,0.0016055777668952942,0.028787024319171906,-0.16029049456119537,0.1048169806599617,-0.1266862004995346,0.003865138627588749,0.09282942861318588,0.033869825303554535,0.06064341962337494,0.020606927573680878,-0.1161758303642273,0.05763337016105652,0.12143769860267639,-0.19658944010734558,-0.009584246203303337,0.14806923270225525,-0.11865673214197159,-0.03251403197646141,-0.09231962263584137,0.23759102821350098,0.05979478731751442,-0.0938781276345253,-0.19156736135482788,0.15060603618621826,-0.10099100321531296,-0.11739771068096161,0.018695153295993805,-0.13637280464172363,-0.17805692553520203,-0.30750077962875366,-0.018126681447029114,0.42041170597076416,0.09137308597564697,-0.13605064153671265,0.07063457369804382,0.00809031818062067,-0.035040482878685,0.16975973546504974,0.1762833446264267,0.06919369101524353,0.06135176867246628,-0.06237851828336716,0.11191365122795105,0.22857193648815155,-0.07802795618772507,-0.019360993057489395,0.1793615221977234,-0.05009152367711067,0.08727676421403885,0.013271141797304153,0.048682890832424164,-0.07479216903448105,0.09128767997026443,-0.09371944516897202,0.02600078284740448,0.07622957229614258,-0.03381594270467758,-0.003172963857650757,0.13746941089630127,-0.14626437425613403,0.09561365097761154,0.0010715872049331665,0.003757365047931671,-0.046778544783592224,-0.052202627062797546,-0.10871577262878418,0.0043132007122039795,0.1128656417131424,-0.23076659440994263,0.2586280405521393,0.17537999153137207,0.011907339096069336,0.14033325016498566,0.07995469868183136,0.01895129680633545,0.028100982308387756,-0.087855264544487,-0.28037282824516296,-0.03729363530874252,0.08959551900625229,-0.026896968483924866,0.11668144166469574,-0.007106773555278778
-0.1440877765417099,0.10862630605697632,0.015279918909072876,-0.08512438833713531,-0.1558666229248047,-0.05605831369757652,-0.0538775660097599,-0.14174087345600128,0.1670147180557251,-0.16756296157836914,0.23370331525802612,-0.09017466753721237,-0.22057604789733887,-0.04501727595925331,-0.06783265620470047,0.23082223534584045,-0.22160547971725464,-0.1380750685930252,0.037480589002370834,-0.017022356390953064,0.15730449557304382,0.028723690658807755,-0.0417180061340332,0.028746776282787323,-0.11244796216487885,-0.35419538617134094,-0.11438562721014023,-0.0635514035820961,-0.02379402332007885,-0.0553952157497406,-0.01876288279891014,0.03263344615697861,-0.19914263486862183,-0.07182522118091583,0.05518396198749542,0.12631544470787048,-0.009670548141002655,-0.0912129208445549,0.1594458371400833,-0.020385650917887688,-0.2248348593711853,-0.040639519691467285,0.08959360420703888,0.23801083862781525,0.0897560566663742,0.0014552175998687744,0.017358751967549324,-0.15618443489074707,0.0958196222782135,-0.13515885174274445,0.006044876761734486,0.09242591261863708,0.040351588279008865,0.06531952321529388,0.017493493854999542,-0.12146331369876862,0.06076744198799133,0.12700310349464417,-0.19130346179008484,-0.016365529969334602,0.14486011862754822,-0.12144456803798676,-0.04073258489370346,-0.09299417585134506,0.24028825759887695,0.07003731280565262,-0.10020396113395691,-0.18867141008377075,0.15318648517131805,-0.09513206779956818,-0.11662672460079193,0.013987541198730469,-0.13328000903129578,-0.18145497143268585,-0.3090735375881195,-0.015836596488952637,0.41722971200942993,0.08671342581510544,-0.13432756066322327,0.0676831379532814,0.015893559902906418,-0.042827121913433075,0.16926710307598114,0.1732352375984192,0.059728942811489105,0.05247294157743454,-0.0641346424818039,0.11068344116210938,0.22167882323265076,-0.0780804455280304,-0.02617163211107254,0.17588067054748535,-0.050441548228263855,0.08612506091594696,0.01019024383276701,0.05221918970346451,-0.06947413086891174,0.08984506875276566,-0.10465887933969498,0.03115697205066681,0.0735771656036377,-0.03432430326938629,-0.016337871551513672,0.1375410109758377,-0.13666583597660065,0.0906558558344841,0.0031967461109161377,0.0009713545441627502,-0.05368161201477051,-0.05816783010959625,-0.11010674387216568,0.006821289658546448,0.11022628843784332,-0.22551655769348145,0.24961894750595093,0.16801247000694275,0.008573167026042938,0.14115770161151886,0.0842876136302948,0.022256121039390564,0.03696437180042267,-0.09021913260221481,-0.28923672437667847,-0.03854621201753616,0.0990467220544815,-0.029751978814601898,0.11440481245517731,-0.0031589865684509277
-0.17329390347003937,0.10892396420240402,0.04759577289223671,-0.1055346131324768,-0.15158945322036743,-0.03163719177246094,-0.0700903981924057,-0.14311668276786804,0.15824618935585022,-0.18792225420475006,0.24018977582454681,-0.12249908596277237,-0.2098907083272934,-0.007161416113376617,-0.09862369298934937,0.23672881722450256,-0.21596111357212067,-0.13259370625019073,0.0017957407981157303,-0.029979735612869263,0.12094909697771072,0.03822194039821625,-0.04967856779694557,0.038462840020656586,-0.1148042231798172,-0.3704915940761566,-0.13130047917366028,-0.06421874463558197,-0.009550964459776878,-0.05227804183959961,-0.018409326672554016,0.017794333398342133,-0.20222514867782593,-0.054911352694034576,0.024979732930660248,0.10295187681913376,0.019391857087612152,-0.12124799191951752,0.1494765281677246,-0.006998647470027208,-0.21905748546123505,-0.02171960473060608,0.10476300865411758,0.23407429456710815,0.08030207455158234,0.03460950031876564,0.005824313964694738,-0.1287722885608673,0.13286079466342926,-0.15374864637851715,-0.011685466393828392,0.0731469988822937,0.042265571653842926,0.0625135526061058,0.016849510371685028,-0.10572759807109833,0.0753386914730072,0.16060355305671692,-0.18915295600891113,0.012997863814234734,0.11268903315067291,-0.11209968477487564,-0.005474478006362915,-0.07434012740850449,0.25816041231155396,0.1028737723827362,-0.09823896735906601,-0.15936222672462463,0.14489442110061646,-0.09166895598173141,-0.09538118541240692,0.00047134608030319214,-0.1289781779050827,-0.17450359463691711,-0.3051109313964844,0.004648953676223755,0.4270102381706238,0.11235752701759338,-0.12097623944282532,0.06432247161865234,0.020753253251314163,-0.03368963301181793,0.17246732115745544,0.17831413447856903,0.014968741685152054,0.03210733085870743,-0.05832473933696747,0.08646799623966217,0.2612219750881195,-0.0491669699549675,-0.020699961110949516,0.22041870653629303,-0.058660782873630524,0.09229893237352371,-0.013797144405543804,0.041426777839660645,-0.10137183964252472,0.05993824452161789,-0.0733722448348999,0.0336933508515358,0.07964560389518738,0.009692706167697906,-0.013497352600097656,0.13026803731918335,-0.1448781043291092,0.07483088970184326,-0.021610558032989502,0.009675897657871246,-0.0413324236869812,-0.034343570470809937,-0.08630194514989853,0.002149611711502075,0.1067039743065834,-0.20525193214416504,0.21162909269332886,0.16962361335754395,0.007554497569799423,0.14219819009304047,0.12385843694210052,0.0019641071557998657,0.053025126457214355,-0.06358371675014496,-0.2604087293148041,-0.05301008000969887,0.14217941462993622,-0.0521068349480629,0.1238512247800827,-0.002259187400341034
-0.1590839922428131,0.10206487774848938,0.047200098633766174,-0.09197260439395905,-0.14593645930290222,-0.03343701362609863,-0.06406921148300171,-0.1356189250946045,0.1682484745979309,-0.1795983463525772,0.24368663132190704,-0.12337309122085571,-0.21015134453773499,-0.025981690734624863,-0.0847117006778717,0.22822871804237366,-0.20332637429237366,-0.11979302018880844,0.00317184254527092,-0.009245291352272034,0.13853909075260162,0.030602164566516876,-0.04483675956726074,0.05109339952468872,-0.11714306473731995,-0.3759605586528778,-0.13872207701206207,-0.06551747024059296,-0.015008915215730667,-0.06541214883327484,-0.04652539640665054,0.020451217889785767,-0.2107258141040802,-0.07832763344049454,0.014904305338859558,0.08776239305734634,0.01666858047246933,-0.11928920447826385,0.130870059132576,-0.0015942752361297607,-0.229731947183609,-0.017907172441482544,0.09548646211624146,0.2308957427740097,0.0768912136554718,0.03186995908617973,0.007973642088472843,-0.13160669803619385,0.12177740782499313,-0.14847470819950104,-0.015616102144122124,0.0729532390832901,0.034026045352220535,0.05852200463414192,0.02469441294670105,-0.0979423075914383,0.06413248181343079,0.1440235823392868,-0.17317602038383484,0.019403956830501556,0.11259736120700836,-0.11587076634168625,-0.011786912567913532,-0.08854915201663971,0.24146156013011932,0.09777797758579254,-0.08678492903709412,-0.16280636191368103,0.13098128139972687,-0.09117063879966736,-0.09528928250074387,0.010776210576295853,-0.13064926862716675,-0.17958228290081024,-0.3132224977016449,0.005526348948478699,0.4422876536846161,0.11978303641080856,-0.136355921626091,0.06773173063993454,0.00897359661757946,-0.03180437535047531,0.18048225343227386,0.19135817885398865,0.035558562725782394,0.058462582528591156,-0.06257011741399765,0.0982477217912674,0.2459460347890854,-0.05663830786943436,-0.010389307513833046,0.22369277477264404,-0.054277658462524414,0.10255183279514313,-0.006489856168627739,0.033370405435562134,-0.10013460367918015,0.05934087932109833,-0.0807800218462944,0.030899718403816223,0.08349478244781494,0.014805739745497704,-0.010724589228630066,0.12588444352149963,-0.1318410485982895,0.06929757446050644,-0.004983797669410706,0.005945771932601929,-0.03009505569934845,-0.027448728680610657,-0.08431428670883179,-0.008304774761199951,0.08762767165899277,-0.20782025158405304,0.197930708527565,0.15883582830429077,0.009875974617898464,0.1331578493118286,0.10814471542835236,0.01711331307888031,0.04111325740814209,-0.0632396712899208,-0.25247636437416077,-0.040911294519901276,0.1455840915441513,-0.04229794442653656,0.1195078194141388,-0.019790124148130417
-0.1669749617576599,0.1205761581659317,0.042976267635822296,-0.09746192395687103,-0.14961838722229004,-0.030718080699443817,-0.06563486158847809,-0.13495472073554993,0.1695215404033661,-0.17738664150238037,0.254214882850647,-0.11389769613742828,-0.21029537916183472,-0.015450071543455124,-0.08151508867740631,0.22589892148971558,-0.2200019657611847,-0.124619260430336,0.011281799525022507,-0.01713898777961731,0.12329162657260895,0.03734833374619484,-0.0400160551071167,0.04872691631317139,-0.12126216292381287,-0.3814563453197479,-0.1400090754032135,-0.07763008028268814,-0.0047015659511089325,-0.066596120595932,-0.030418023467063904,0.0067083388566970825,-0.20708966255187988,-0.07074442505836487,0.022312380373477936,0.09509716928005219,0.0008793100714683533,-0.12358824908733368,0.14600767195224762,-0.0020975805819034576,-0.21667703986167908,-0.01884765923023224,0.0969727635383606,0.23865345120429993,0.08179536461830139,0.03939087688922882,0.01006910391151905,-0.13562683761119843,0.12521354854106903,-0.144053116440773,-0.0071480004116892815,0.08157065510749817,0.0335213765501976,0.07273277640342712,0.011705517768859863,-0.09968812763690948,0.07003608345985413,0.15222713351249695,-0.18752844631671906,0.018282275646924973,0.11686821281909943,-0.107596755027771,-0.007694290950894356,-0.0726621001958847,0.2636452317237854,0.10374534130096436,-0.09827163070440292,-0.15497097373008728,0.14203354716300964,-0.09493677318096161,-0.0994928628206253,0.007446248084306717,-0.132611483335495,-0.18274489045143127,-0.29177749156951904,0.011084407567977905,0.4301137924194336,0.10549585521221161,-0.1217653751373291,0.06043173745274544,0.011742915958166122,-0.03948381543159485,0.16886799037456512,0.19312170147895813,0.026064779609441757,0.03100121021270752,-0.05460818484425545,0.09517107903957367,0.26170438528060913,-0.05284448713064194,-0.011341050267219543,0.22361722588539124,-0.05821744725108147,0.09919898211956024,-0.0013649240136146545,0.04417765140533447,-0.09971417486667633,0.061318375170230865,-0.07104410976171494,0.036299996078014374,0.07956112176179886,0.0007673893123865128,-0.023995131254196167,0.12563271820545197,-0.1417718231678009,0.08051936328411102,-0.004917733371257782,0.00531141459941864,-0.029268726706504822,-0.03680036962032318,-0.08326283097267151,-0.007429927587509155,0.10544688999652863,-0.21401816606521606,0.23157183825969696,0.16515454649925232,0.00812101736664772,0.1426718533039093,0.10691557824611664,0.014049798250198364,0.04591140151023865,-0.06934866309165955,-0.26170381903648376,-0.04686664417386055,0.13863401114940643,-0.049699462950229645,0.11830103397369385,-0.01852625608444214
-0.16720370948314667,0.12637567520141602,0.04958444833755493,-0.08325466513633728,-0.16316385567188263,-0.02278740704059601,-0.06572030484676361,-0.14178307354450226,0.1666778326034546,-0.18846353888511658,0.2501441538333893,-0.1065588966012001,-0.20670652389526367,-0.011637289077043533,-0.08954329043626785,0.23168978095054626,-0.2284369319677353,-0.12736181914806366,0.0066725220531225204,-0.031446874141693115,0.10997632890939713,0.05560927093029022,-0.03044690191745758,0.04367227107286453,-0.12593917548656464,-0.37942200899124146,-0.12203536182641983,-0.09194909036159515,-0.00043667107820510864,-0.0714358538389206,-0.022535376250743866,0.005135484039783478,-0.19365549087524414,-0.057149581611156464,0.02096572518348694,0.08765105158090591,-0.011869296431541443,-0.1184769794344902,0.15915843844413757,-0.0029206182807683945,-0.21530665457248688,-0.0352664589881897,0.09033574163913727,0.24385060369968414,0.07610990107059479,0.037147730588912964,0.010097390040755272,-0.13657721877098083,0.1303236186504364,-0.15065114200115204,-0.005571573041379452,0.07836775481700897,0.03513672202825546,0.07084871083498001,0.01932743936777115,-0.10288260877132416,0.05886656045913696,0.15521904826164246,-0.17882324755191803,0.02382909134030342,0.10877692699432373,-0.10528083145618439,-0.0036714132875204086,-0.06909100711345673,0.27350422739982605,0.09736025333404541,-0.0940900444984436,-0.14648932218551636,0.13688485324382782,-0.09389779716730118,-0.10899921506643295,0.013299021869897842,-0.1251850724220276,-0.181402325630188,-0.2882351279258728,0.00086994469165802,0.4250255823135376,0.098508819937706,-0.11403532326221466,0.04199083894491196,0.016206124797463417,-0.04265698790550232,0.16769589483737946,0.18840432167053223,0.014314305037260056,0.01735970377922058,-0.04887469857931137,0.09267866611480713,0.26106613874435425,-0.0644468292593956,-0.020701972767710686,0.2190140187740326,-0.06289893388748169,0.08823065459728241,-0.01076336856931448,0.03614966571331024,-0.10523546487092972,0.07101471722126007,-0.05899474024772644,0.0281047523021698,0.09529165923595428,0.003448914736509323,-0.016420841217041016,0.12298987805843353,-0.1463557332754135,0.07626614719629288,-0.014845922589302063,0.0029689744114875793,-0.015197984874248505,-0.038847923278808594,-0.10179948061704636,-0.00825856626033783,0.1238497942686081,-0.2087222933769226,0.24130022525787354,0.16847138106822968,0.00020444439724087715,0.14840683341026306,0.10854917764663696,0.006553530693054199,0.04014532268047333,-0.06536919623613358,-0.2571101486682892,-0.04762265086174011,0.15313342213630676,-0.05495923012495041,0.11597590148448944,-0.023387733846902847
-0.1680688112974167,0.12042371928691864,0.04429129138588905,-0.0914817750453949,-0.16076254844665527,-0.02878735214471817,-0.06668749451637268,-0.14163091778755188,0.17000998556613922,-0.19512811303138733,0.24546413123607635,-0.10653825849294662,-0.20586802065372467,-0.02163863182067871,-0.08699721843004227,0.23241743445396423,-0.2316938042640686,-0.134579136967659,0.016311291605234146,-0.028215758502483368,0.1105334684252739,0.04647890850901604,-0.02592938393354416,0.04057612270116806,-0.11380010098218918,-0.3842173218727112,-0.12818199396133423,-0.07833985984325409,0.00111350417137146,-0.06925149261951447,-0.02333804965019226,0.013437092304229736,-0.20060089230537415,-0.05473015829920769,0.022257603704929352,0.10294851660728455,0.006653338670730591,-0.10906320810317993,0.15438005328178406,-0.013735605403780937,-0.2235637754201889,-0.0399852991104126,0.09737882018089294,0.24117638170719147,0.08779440820217133,0.036017268896102905,-0.0014032707549631596,-0.13485769927501678,0.13263973593711853,-0.1421484649181366,-0.0007198601961135864,0.07594908773899078,0.03632936254143715,0.06192740052938461,0.01880529522895813,-0.10029605031013489,0.05553007125854492,0.15840061008930206,-0.17215609550476074,0.008271550759673119,0.11074776947498322,-0.10983294248580933,-0.002610776573419571,-0.07378073036670685,0.27421310544013977,0.09424184262752533,-0.09150028973817825,-0.15909624099731445,0.14559176564216614,-0.09954846650362015,-0.09999334812164307,0.016037166118621826,-0.12578585743904114,-0.1711355596780777,-0.28805744647979736,-0.002456843852996826,0.41419970989227295,0.09488918632268906,-0.1089620366692543,0.05320710688829422,0.01815062202513218,-0.04120838642120361,0.16768021881580353,0.19074314832687378,0.019477717578411102,0.028418846428394318,-0.056950733065605164,0.09044413268566132,0.25884369015693665,-0.06317657232284546,-0.015350554138422012,0.21548232436180115,-0.06724059581756592,0.09384402632713318,-0.007627291604876518,0.03503747284412384,-0.10046649724245071,0.07558872550725937,-0.07429622113704681,0.027570128440856934,0.08753098547458649,0.001658320426940918,-0.018261343240737915,0.12831756472587585,-0.1425206959247589,0.06552021205425262,-0.01790042221546173,0.010559387505054474,-0.017108432948589325,-0.03919292986392975,-0.0887555480003357,-0.018256455659866333,0.11484350264072418,-0.21260537207126617,0.23400968313217163,0.16425316035747528,-0.00519297830760479,0.14935296773910522,0.10382118821144104,0.02017049491405487,0.04267778992652893,-0.07332728058099747,-0.25778496265411377,-0.03770795464515686,0.14727871119976044,-0.05554432421922684,0.11608701944351196,-0.018894854933023453
-0.15204426646232605,0.1133587658405304,0.029124410822987556,-0.07765967398881912,-0.13922707736492157,-0.04524223506450653,-0.0618663914501667,-0.15187790989875793,0.14820890128612518,-0.1797754168510437,0.23773853480815887,-0.11973287165164948,-0.2115948498249054,-0.03977343067526817,-0.07477393746376038,0.2112264782190323,-0.24020826816558838,-0.13593018054962158,0.03942841291427612,-0.02979332208633423,0.12581004202365875,0.038693107664585114,-0.058594100177288055,0.024249054491519928,-0.12345492839813232,-0.34822720289230347,-0.10628344118595123,-0.09035517275333405,0.0008439868688583374,-0.07145960628986359,-0.02896880730986595,-0.01151885837316513,-0.18833889067173004,-0.048219066113233566,0.041039109230041504,0.11877726763486862,-0.02898867428302765,-0.0963844582438469,0.16404253244400024,-0.03797163814306259,-0.18722456693649292,-0.041663557291030884,0.07713983207941055,0.24915938079357147,0.08660806715488434,0.009960426017642021,-0.002738144714385271,-0.14993393421173096,0.12300566583871841,-0.14106741547584534,0.014536038041114807,0.08693306148052216,0.044137291610240936,0.08133292198181152,0.01709640771150589,-0.12281013280153275,0.04949593544006348,0.1510850191116333,-0.19690941274166107,0.030185244977474213,0.12929990887641907,-0.11240453273057938,-0.033909253776073456,-0.07065814733505249,0.25567173957824707,0.07260148227214813,-0.10871962457895279,-0.16563096642494202,0.15038521587848663,-0.1045047789812088,-0.10325542092323303,-0.00017504766583442688,-0.11051635444164276,-0.19769880175590515,-0.2811090648174286,-0.0007949471473693848,0.40401679277420044,0.1005968376994133,-0.14358346164226532,0.058410849422216415,0.03265955671668053,-0.04656708240509033,0.1966455727815628,0.17289599776268005,0.04062096029520035,0.03863173723220825,-0.061031587421894073,0.10722959041595459,0.22264361381530762,-0.07291191816329956,-0.026897888630628586,0.18305519223213196,-0.06710346043109894,0.0851152315735817,0.012106504291296005,0.028983496129512787,-0.08139188587665558,0.08383843302726746,-0.085243359208107,0.029310524463653564,0.09524807333946228,-0.0340450182557106,-0.014980897307395935,0.129410982131958,-0.12102581560611725,0.10995186865329742,0.010827109217643738,0.008961126208305359,-0.036278605461120605,-0.06253577768802643,-0.10563122481107712,0.010823756456375122,0.13247771561145782,-0.236206516623497,0.2614734470844269,0.15713095664978027,0.019129732623696327,0.1640889048576355,0.08188925683498383,0.0055618733167648315,0.0505194365978241,-0.07472949475049973,-0.2856702506542206,-0.03610192984342575,0.10144053399562836,-0.02969241887331009,0.12413127720355988,-0.005092207342386246
-0.13488805294036865,0.10480493307113647,0.04830284044146538,-0.0844038873910904,-0.14962957799434662,-0.03817262500524521,-0.06507138907909393,-0.1551143229007721,0.17278683185577393,-0.19452932476997375,0.2325209528207779,-0.10031093657016754,-0.21259774267673492,-0.01823345571756363,-0.07671524584293365,0.2227115035057068,-0.21733519434928894,-0.14805272221565247,0.01448187418282032,-0.015021145343780518,0.1220259889960289,0.04558028280735016,-0.03115115687251091,0.028539665043354034,-0.12261645495891571,-0.35994720458984375,-0.11850602924823761,-0.08011436462402344,-0.001113150268793106,-0.06204737722873688,-0.0416436605155468,0.022048942744731903,-0.20790933072566986,-0.06302312016487122,0.03308703750371933,0.10739739239215851,-0.012676425278186798,-0.11599493026733398,0.1568199247121811,-0.015151293948292732,-0.23577247560024261,-0.028421983122825623,0.08489710092544556,0.24247926473617554,0.09343346953392029,0.013198290020227432,-0.005510944873094559,-0.15259289741516113,0.13450933992862701,-0.14873385429382324,0.009065981954336166,0.07693367451429367,0.042475901544094086,0.0662766844034195,0.03103429079055786,-0.10910500586032867,0.07087528705596924,0.15156316757202148,-0.1797730177640915,0.019524842500686646,0.13280698657035828,-0.11051680892705917,-0.0034140683710575104,-0.08472654968500137,0.24934013187885284,0.07343479990959167,-0.08460722118616104,-0.15357346832752228,0.12923695147037506,-0.09542840719223022,-0.10178738832473755,0.02320331335067749,-0.13113270699977875,-0.1827957183122635,-0.29106423258781433,-0.0199117511510849,0.42373669147491455,0.10417178273200989,-0.12857894599437714,0.06355635821819305,0.02871917374432087,-0.039426468312740326,0.19146816432476044,0.17649218440055847,0.0315810963511467,0.045466214418411255,-0.0633430927991867,0.1005963683128357,0.26285693049430847,-0.06987541168928146,-0.017909709364175797,0.2128257155418396,-0.0676150918006897,0.08675865083932877,0.0012748884037137032,0.024508140981197357,-0.08956659585237503,0.0735284686088562,-0.10234589129686356,0.01585150510072708,0.082587830722332,-0.005949800834059715,-0.019485309720039368,0.13180294632911682,-0.14039306342601776,0.07093367725610733,-0.0005027949810028076,0.014422427862882614,-0.012685872614383698,-0.05185133218765259,-0.10331561416387558,-0.0118560791015625,0.11648587137460709,-0.20995888113975525,0.2298896461725235,0.15521104633808136,0.01490670908242464,0.1302301436662674,0.09602929651737213,0.0051477402448654175,0.032557129859924316,-0.07467776536941528,-0.27890512347221375,-0.030036156997084618,0.14915017783641815,-0.03777729719877243,0.1275474578142166,-0.015393968671560287
-0.13740496337413788,0.11284950375556946,0.02386491745710373,-0.09671620279550552,-0.15070563554763794,-0.05626039579510689,-0.055695392191410065,-0.16094870865345,0.1650303453207016,-0.18964463472366333,0.2317698895931244,-0.1121288388967514,-0.21183204650878906,-0.03230365365743637,-0.07875137031078339,0.23154526948928833,-0.23686304688453674,-0.15174458920955658,0.03576929122209549,-0.020124614238739014,0.13026775419712067,0.023149549961090088,-0.05242138355970383,0.04667538404464722,-0.11041893810033798,-0.35268741846084595,-0.11205118894577026,-0.054100193083286285,-0.020407455042004585,-0.05592454969882965,-0.021294042468070984,0.03250963240861893,-0.2041877806186676,-0.048822835087776184,0.04737468808889389,0.124489426612854,0.003813318908214569,-0.10928289592266083,0.15243247151374817,-0.0164816752076149,-0.21712708473205566,-0.029389992356300354,0.093414805829525,0.24854090809822083,0.07904049754142761,-0.003998406231403351,0.006570613943040371,-0.1604723185300827,0.1280401051044464,-0.13493406772613525,0.00036759208887815475,0.080238938331604,0.038951318711042404,0.05250605568289757,0.015849418938159943,-0.12933923304080963,0.06369030475616455,0.14507317543029785,-0.18441322445869446,0.00464310497045517,0.1409517377614975,-0.11647872626781464,-0.04041074588894844,-0.10142743587493896,0.24124833941459656,0.08958934992551804,-0.09163031727075577,-0.19627343118190765,0.14892451465129852,-0.10204023867845535,-0.11746398359537125,0.008094292134046555,-0.12402909994125366,-0.1729404628276825,-0.3022271692752838,-0.021875187754631042,0.413810670375824,0.10634973645210266,-0.13927534222602844,0.06557808816432953,0.02669202722609043,-0.026544123888015747,0.18650469183921814,0.18184058368206024,0.036589328199625015,0.05464795231819153,-0.07546497881412506,0.10125313699245453,0.23483853042125702,-0.0559980645775795,-0.032210588455200195,0.1877307891845703,-0.05658572539687157,0.08689693361520767,0.0013479311019182205,0.015748389065265656,-0.08848076313734055,0.08930303156375885,-0.11178994923830032,0.01732444018125534,0.06881607323884964,-0.01557941734790802,-0.01947706937789917,0.14584407210350037,-0.14479736983776093,0.08567388355731964,-0.0013416260480880737,0.00834641233086586,-0.03649211674928665,-0.035216957330703735,-0.10000717639923096,0.0008843690156936646,0.10339324921369553,-0.22760936617851257,0.22654098272323608,0.1604992151260376,0.0304495207965374,0.13999049365520477,0.09042659401893616,0.017129719257354736,0.041126549243927,-0.0782487541437149,-0.28439387679100037,-0.030275283381342888,0.1097312942147255,-0.03780272603034973,0.11996278166770935,-0.008175212889909744
-0.15077215433120728,0.09810717403888702,0.024817444384098053,-0.08681595325469971,-0.14126485586166382,-0.06580062955617905,-0.03240043669939041,-0.17222434282302856,0.16650934517383575,-0.16542859375476837,0.2330191284418106,-0.11385789513587952,-0.18366962671279907,-0.04866373911499977,-0.08717325329780579,0.24443213641643524,-0.24332809448242188,-0.15979403257369995,0.03522166237235069,-0.030802227556705475,0.11805136501789093,0.009997647255659103,-0.05731726437807083,0.06134252995252609,-0.11225078999996185,-0.3452310264110565,-0.11690056324005127,-0.05716235563158989,-0.0036413967609405518,-0.03478105366230011,-0.032506685703992844,0.06699839234352112,-0.2079077661037445,-0.06788899004459381,0.0504734069108963,0.12856386601924896,0.018700629472732544,-0.09784598648548126,0.1479867398738861,-0.01978539302945137,-0.22778280079364777,-0.010021701455116272,0.1220681443810463,0.25712817907333374,0.09800824522972107,-0.01702304184436798,0.0049565513618290424,-0.13573576509952545,0.11989601701498032,-0.13335014879703522,-0.021682187914848328,0.08148948848247528,0.0283890962600708,0.05994327738881111,0.009397260844707489,-0.10643883049488068,0.05760681629180908,0.11477366089820862,-0.1819252371788025,0.0046811792999506,0.14294418692588806,-0.14147479832172394,-0.031426236033439636,-0.0997651070356369,0.2136361449956894,0.08596603572368622,-0.08049971610307693,-0.2003830373287201,0.14719106256961823,-0.11915455013513565,-0.11806496977806091,0.007072508335113525,-0.11629005521535873,-0.15749846398830414,-0.3253244161605835,-0.022290751338005066,0.4282397925853729,0.10908737778663635,-0.1199263334274292,0.09954040497541428,0.028084006160497665,-0.0410265177488327,0.1817067712545395,0.19078318774700165,0.050429511815309525,0.07814246416091919,-0.07861810177564621,0.10075734555721283,0.23217663168907166,-0.0400967076420784,-0.019593454897403717,0.19452548027038574,-0.05892825871706009,0.08606245368719101,0.010421225801110268,0.050184957683086395,-0.0791633352637291,0.08498174697160721,-0.11402139067649841,0.025128208100795746,0.06042581796646118,-0.0092364102602005,0.0026665180921554565,0.12798720598220825,-0.136813223361969,0.08554975688457489,-0.0032976344227790833,0.029821112751960754,-0.05227437615394592,-0.027970656752586365,-0.0767061710357666,0.016085952520370483,0.08950064331293106,-0.22131934762001038,0.214474156498909,0.15764707326889038,0.013591241091489792,0.1265006810426712,0.09057636559009552,0.0074917227029800415,0.029008135199546814,-0.08512984961271286,-0.2576464116573334,-0.03587491437792778,0.09380531311035156,-0.0501432791352272,0.12482743710279465,0.012410193681716919
-0.17505663633346558,0.12246814370155334,0.060711778700351715,-0.10892871022224426,-0.1547556221485138,-0.038747388869524,-0.07375004887580872,-0.15371888875961304,0.16906389594078064,-0.20813247561454773,0.24653346836566925,-0.12825369834899902,-0.2188543677330017,-0.0010659322142601013,-0.09733662009239197,0.2315516620874405,-0.22115027904510498,-0.1451302468776703,0.004629466682672501,-0.03751649707555771,0.12577009201049805,0.05462224408984184,-0.049356624484062195,0.0285794734954834,-0.1208488792181015,-0.37294164299964905,-0.13080888986587524,-0.03678523004055023,-0.009649578481912613,-0.054189056158065796,-0.03254096582531929,0.018857896327972412,-0.2135668694972992,-0.053632620722055435,0.030428335070610046,0.12265124917030334,0.01890695095062256,-0.12752848863601685,0.1427597552537918,-0.02110280469059944,-0.22635386884212494,-0.015951648354530334,0.11198742687702179,0.2466064691543579,0.0923556536436081,0.010739777237176895,-0.016450518742203712,-0.1383673995733261,0.12412559241056442,-0.15019935369491577,-0.0060395291075110435,0.07661530375480652,0.04257730767130852,0.06467816233634949,0.024332106113433838,-0.09750525653362274,0.060318201780319214,0.16644996404647827,-0.17708340287208557,-0.011079851537942886,0.12577031552791595,-0.12903213500976562,-0.0020501455292105675,-0.09245114028453827,0.25839170813560486,0.09049379825592041,-0.10078360140323639,-0.1708625853061676,0.1266167312860489,-0.091713547706604,-0.09379548579454422,0.01763896644115448,-0.12088510394096375,-0.16625522077083588,-0.30539026856422424,0.008542567491531372,0.4264737367630005,0.10581553727388382,-0.12426142394542694,0.07524339854717255,0.019561147317290306,-0.039249733090400696,0.17496365308761597,0.17360305786132812,0.02515062689781189,0.04735904932022095,-0.07231809198856354,0.10734859108924866,0.2706695795059204,-0.05510938912630081,-0.028530988842248917,0.2207738161087036,-0.05620207637548447,0.08292695134878159,-0.0028005018830299377,0.04322608560323715,-0.1054927259683609,0.053871992975473404,-0.093763068318367,0.02818296104669571,0.0792132318019867,0.008658308535814285,-0.030851244926452637,0.13425421714782715,-0.14505262672901154,0.07548099756240845,-0.011067196726799011,0.00037261098623275757,-0.037888988852500916,-0.05635640025138855,-0.08264950662851334,-0.0012652724981307983,0.101410411298275,-0.233697772026062,0.19999223947525024,0.15341733396053314,0.013145468197762966,0.1578831672668457,0.11106828600168228,-0.004094377160072327,0.04918855428695679,-0.06881120055913925,-0.24748411774635315,-0.05337302386760712,0.14561955630779266,-0.04035399109125137,0.14497344195842743,-0.0030362531542778015
-0.18068146705627441,0.11566022038459778,0.057648926973342896,-0.1207968145608902,-0.16203732788562775,-0.035181716084480286,-0.06602826714515686,-0.14804577827453613,0.15681830048561096,-0.1976160705089569,0.23824869096279144,-0.11868149787187576,-0.2173185795545578,0.0009978264570236206,-0.0944240465760231,0.24046538770198822,-0.22429734468460083,-0.15081800520420074,0.0018584337085485458,-0.05597628653049469,0.11382615566253662,0.05588698014616966,-0.04603472724556923,0.036122433841228485,-0.11615455895662308,-0.373304545879364,-0.13190150260925293,-0.03392231464385986,0.004454400390386581,-0.04961538314819336,-0.02843363955616951,0.023465313017368317,-0.21978722512722015,-0.049871765077114105,0.03294510394334793,0.12246882915496826,0.02051202952861786,-0.1457030326128006,0.13848108053207397,-0.008179512806236744,-0.2150648981332779,-0.012145429849624634,0.10526858270168304,0.24924194812774658,0.09753181040287018,0.004439894109964371,-0.0007954889442771673,-0.13249026238918304,0.12234887480735779,-0.1529523730278015,-0.005463854409754276,0.07648692280054092,0.02604963257908821,0.05945641174912453,0.014840126037597656,-0.10626912117004395,0.06420266628265381,0.16982975602149963,-0.1804533153772354,-0.01204698346555233,0.11985823512077332,-0.1239238828420639,-0.00017756037414073944,-0.09958311170339584,0.25333523750305176,0.09552916139364243,-0.09965116530656815,-0.17388762533664703,0.13627678155899048,-0.08592141419649124,-0.08351223915815353,0.006781540811061859,-0.13180194795131683,-0.16016986966133118,-0.3034067153930664,0.019194677472114563,0.42441117763519287,0.11634927988052368,-0.10885140299797058,0.08027428388595581,0.01439198013395071,-0.025333881378173828,0.16965124011039734,0.17406535148620605,0.01656867191195488,0.044229499995708466,-0.07095847278833389,0.11627155542373657,0.2594069838523865,-0.04417110234498978,-0.03609781339764595,0.22395357489585876,-0.059128664433956146,0.08314081281423569,0.0013411035761237144,0.053887806832790375,-0.10945475101470947,0.05502316355705261,-0.08473441749811172,0.03155700862407684,0.07604346424341202,0.003885604441165924,-0.018841564655303955,0.1423560082912445,-0.13842779397964478,0.0744607150554657,-0.02274620532989502,0.010236643254756927,-0.04844236373901367,-0.056850820779800415,-0.07690341770648956,0.004081502556800842,0.09443878382444382,-0.22808969020843506,0.1978880614042282,0.1680130660533905,0.00701188575476408,0.1600773185491562,0.11749336123466492,-0.004171118140220642,0.046061739325523376,-0.07424656301736832,-0.2483033835887909,-0.04443586617708206,0.14280277490615845,-0.039108626544475555,0.14050227403640747,0.008153129369020462
-0.14327754080295563,0.10818061232566833,0.05010709911584854,-0.10918004810810089,-0.17396047711372375,-0.05991476774215698,-0.061735086143016815,-0.144801527261734,0.13516096770763397,-0.1542315036058426,0.2840954065322876,-0.12219186127185822,-0.20966015756130219,-0.018993642181158066,-0.09490204602479935,0.22603416442871094,-0.22719788551330566,-0.1162099614739418,0.002893604338169098,0.007199540734291077,0.15397877991199493,0.02277846448123455,-0.034589167684316635,0.040757253766059875,-0.10503195226192474,-0.37388139963150024,-0.1365518420934677,-0.05335327982902527,-0.021223604679107666,-0.058387741446495056,-0.004076972603797913,0.030178390443325043,-0.21135565638542175,-0.07034477591514587,0.03705991059541702,0.09299029409885406,-0.0012196749448776245,-0.13749825954437256,0.14854460954666138,-0.005821306258440018,-0.20416554808616638,-0.021186724305152893,0.10443305969238281,0.23220454156398773,0.08333998918533325,0.0298124048858881,0.026548871770501137,-0.15369294583797455,0.10609830915927887,-0.1636970043182373,-0.001456703059375286,0.07373777031898499,0.028636816889047623,0.07755203545093536,0.01862335205078125,-0.1360265612602234,0.09129613637924194,0.13203099370002747,-0.18176062405109406,0.0026809871196746826,0.12380398064851761,-0.1087503656744957,-0.021528486162424088,-0.11035396158695221,0.27224841713905334,0.10033734142780304,-0.1048022210597992,-0.15558642148971558,0.14085030555725098,-0.061109110713005066,-0.10349293053150177,0.003349125385284424,-0.15011045336723328,-0.16584086418151855,-0.3059072494506836,0.0013196319341659546,0.4474724531173706,0.08481589704751968,-0.1636296957731247,0.03217063471674919,-0.003094097599387169,-0.016492046415805817,0.16162341833114624,0.16072188317775726,0.03228439390659332,0.026965513825416565,-0.08822478353977203,0.09514479339122772,0.23843169212341309,-0.08124689012765884,-0.019295595586299896,0.2199462354183197,-0.04783806577324867,0.08489890396595001,0.020784353837370872,0.0484689399600029,-0.0946602150797844,0.07682642340660095,-0.0882258489727974,0.05067933350801468,0.08081968128681183,-0.031059592962265015,-0.035410329699516296,0.1312209665775299,-0.13541726768016815,0.07157590985298157,-0.005958221852779388,-0.0061821602284908295,-0.04322245717048645,-0.0638934075832367,-0.10553555190563202,-0.0038136690855026245,0.10343154519796371,-0.2220408022403717,0.23879021406173706,0.1627490222454071,0.018512824550271034,0.15197975933551788,0.09947565943002701,0.0414213091135025,0.016634345054626465,-0.06725466996431351,-0.24800199270248413,-0.03988759592175484,0.11892479658126831,-0.02586846798658371,0.09948767721652985,-0.011290423572063446
-0.1504049301147461,0.09163200855255127,0.04309206083416939,-0.1143246665596962,-0.17572300136089325,-0.055595286190509796,-0.05113063007593155,-0.1473677158355713,0.1363726258277893,-0.14422741532325745,0.2783493399620056,-0.12033072859048843,-0.20412249863147736,-0.044304367154836655,-0.08010568469762802,0.21959629654884338,-0.2256285548210144,-0.10888585448265076,0.009374845772981644,0.013535000383853912,0.1580670177936554,0.007934218272566795,-0.034879669547080994,0.04529128968715668,-0.09215609729290009,-0.38150355219841003,-0.1480623483657837,-0.05186337232589722,-0.01007026620209217,-0.06211686134338379,-0.005275718867778778,0.024091310799121857,-0.2139429748058319,-0.07844477146863937,0.030581243336200714,0.096339650452137,0.0002740323543548584,-0.1354881227016449,0.13497914373874664,-0.007522794418036938,-0.20095926523208618,-0.02574595808982849,0.09725715965032578,0.22228777408599854,0.10067667067050934,0.05047616362571716,0.02339523658156395,-0.13850590586662292,0.1146751344203949,-0.16092005372047424,-0.015261277556419373,0.07122696936130524,0.029077526181936264,0.06587730348110199,0.005307994782924652,-0.13576947152614594,0.08907049894332886,0.1311648190021515,-0.20575179159641266,0.0022012759000062943,0.11325382441282272,-0.12040704488754272,-0.02634003758430481,-0.10472732037305832,0.2694927752017975,0.10989709943532944,-0.10462747514247894,-0.16335782408714294,0.15176017582416534,-0.07778646051883698,-0.09338650852441788,-0.0018782764673233032,-0.15910997986793518,-0.17115545272827148,-0.3040517270565033,-0.003688916563987732,0.4458390474319458,0.0926232561469078,-0.1587582230567932,0.02459598518908024,-0.007363134063780308,-0.004570730030536652,0.15864534676074982,0.16248318552970886,0.0410119965672493,0.027709297835826874,-0.09261783212423325,0.08120520412921906,0.22679179906845093,-0.07903055846691132,-0.015238074585795403,0.22326204180717468,-0.04826606810092926,0.09468505531549454,0.01487279124557972,0.04103551059961319,-0.08781679719686508,0.08013587445020676,-0.0863369032740593,0.0436515212059021,0.0695505440235138,-0.028220998123288155,-0.015812188386917114,0.12876126170158386,-0.13042882084846497,0.08781087398529053,-0.008107021450996399,0.004853677004575729,-0.05616385489702225,-0.08134609460830688,-0.09640931338071823,0.007809430360794067,0.10200746357440948,-0.22342820465564728,0.24190692603588104,0.17593172192573547,0.020980102941393852,0.15496298670768738,0.0890008732676506,0.04189036041498184,0.015927955508232117,-0.0709480345249176,-0.24880550801753998,-0.032723549753427505,0.10662619769573212,-0.03940543532371521,0.10585084557533264,-0.0138276107609272
-0.16713212430477142,0.08341558277606964,0.05141633003950119,-0.12327750772237778,-0.14985905587673187,-0.011681780219078064,-0.05756166949868202,-0.11916399747133255,0.15372487902641296,-0.1670631319284439,0.2583727240562439,-0.12869860231876373,-0.19387197494506836,-0.020648423582315445,-0.07641652226448059,0.23464089632034302,-0.23430506885051727,-0.12107729911804199,0.005463385954499245,0.02133745700120926,0.11874505877494812,0.002117471769452095,-0.05185874179005623,0.052558138966560364,-0.11515328288078308,-0.3800950050354004,-0.11903204023838043,-0.056326769292354584,-0.032045330852270126,-0.06038007140159607,-0.0303724966943264,-0.025555230677127838,-0.2339252233505249,-0.07405757904052734,0.02875392884016037,0.11643585562705994,0.0030938759446144104,-0.15303698182106018,0.1267339140176773,0.016221212223172188,-0.2216891050338745,0.004750430583953857,0.08994925022125244,0.2187492847442627,0.10659503936767578,0.05648656561970711,0.0030044112354516983,-0.12458151578903198,0.15231695771217346,-0.17408695816993713,-0.03119782730937004,0.058201130479574203,0.03593893349170685,0.04205015301704407,0.0034901276230812073,-0.1490711122751236,0.06857803463935852,0.14237108826637268,-0.1795547753572464,0.0017468705773353577,0.07739768922328949,-0.08367215096950531,0.008821126073598862,-0.08960462361574173,0.2736223340034485,0.0957084596157074,-0.12184718251228333,-0.1502256542444229,0.15729795396327972,-0.05108886957168579,-0.055957674980163574,0.0013707131147384644,-0.15068793296813965,-0.19841280579566956,-0.29735803604125977,0.0218174010515213,0.4277411997318268,0.09084383398294449,-0.15994662046432495,0.026517366990447044,-0.012313875369727612,0.01551472395658493,0.13416136801242828,0.1957239806652069,0.05207311734557152,0.04804620146751404,-0.07492465525865555,0.04933425784111023,0.24408921599388123,-0.05932610481977463,-0.020164601504802704,0.2210943102836609,-0.06433799117803574,0.07189254462718964,0.00526790926232934,0.03678848594427109,-0.12129353731870651,0.057993002235889435,-0.10079923272132874,0.009389623999595642,0.06885100156068802,-0.003774655982851982,-0.017680883407592773,0.14938221871852875,-0.15990325808525085,0.07132425159215927,-0.02533528208732605,-0.01111336424946785,-0.04672425985336304,-0.04327128827571869,-0.08183601498603821,-0.0010981857776641846,0.09309349209070206,-0.23094162344932556,0.21284523606300354,0.1902095377445221,0.021820057183504105,0.15700025856494904,0.11782858520746231,0.013198181986808777,0.036126330494880676,-0.01788833737373352,-0.23998169600963593,-0.053936537355184555,0.09715277701616287,-0.027554549276828766,0.12340808659791946,-0.017310135066509247
-0.14127607643604279,0.07717573642730713,0.05152425169944763,-0.06756585836410522,-0.1595936119556427,-0.05746755003929138,-0.0406474769115448,-0.12474947422742844,0.18266315758228302,-0.14853033423423767,0.2558748722076416,-0.09863626956939697,-0.20960605144500732,-0.033253930509090424,-0.06558354198932648,0.22148676216602325,-0.22543756663799286,-0.12651388347148895,0.017394719645380974,0.005356192588806152,0.15239927172660828,0.033844105899333954,-0.053744226694107056,0.035545483231544495,-0.10325972735881805,-0.37710070610046387,-0.13774733245372772,-0.08122588694095612,0.02372889593243599,-0.08348244428634644,-0.03086208552122116,0.007371820509433746,-0.18901997804641724,-0.09967105090618134,0.04849176108837128,0.08902812004089355,-0.013396643102169037,-0.12892651557922363,0.13746985793113708,-0.010530401952564716,-0.23850412666797638,-0.048694074153900146,0.11321724951267242,0.2361566722393036,0.10871292650699615,0.06664842367172241,0.01041451096534729,-0.13351552188396454,0.12592044472694397,-0.13974976539611816,-0.024078167974948883,0.06699834018945694,0.07294869422912598,0.07055056095123291,0.03537248820066452,-0.14159393310546875,0.06521981954574585,0.13294148445129395,-0.21091891825199127,0.02209286205470562,0.12121014297008514,-0.12564104795455933,0.008919710293412209,-0.06244940310716629,0.27230536937713623,0.0488288514316082,-0.0968402549624443,-0.14690828323364258,0.15669776499271393,-0.11228572577238083,-0.09398161619901657,0.016075342893600464,-0.1386311948299408,-0.18597298860549927,-0.3037872910499573,-0.025747448205947876,0.43901488184928894,0.07509524375200272,-0.1306494176387787,0.05700355023145676,0.022585537284612656,-0.019388847053050995,0.16401785612106323,0.1907205879688263,0.04291576147079468,0.03990010917186737,-0.08513648062944412,0.05154770612716675,0.24376769363880157,-0.07692628353834152,0.009342354722321033,0.19240528345108032,-0.06302899122238159,0.07206952571868896,0.010361619293689728,0.028354711830615997,-0.0987989753484726,0.07107860594987869,-0.07816547900438309,0.00997404009103775,0.05861285328865051,-0.015810340642929077,0.000792965292930603,0.11891457438468933,-0.1321650743484497,0.0617736354470253,0.0020395219326019287,0.003713950514793396,-0.04585189372301102,-0.06351414322853088,-0.09749827533960342,-0.016531378030776978,0.10677853971719742,-0.2314344346523285,0.23707979917526245,0.17285695672035217,0.009384779259562492,0.14516225457191467,0.06412665545940399,0.028776705265045166,0.02183052897453308,-0.06578638404607773,-0.24552702903747559,-0.031603533774614334,0.10417933762073517,-0.056012533605098724,0.12013591825962067,-0.02806045487523079
-0.13496103882789612,0.054382409900426865,0.044919271022081375,-0.0718676969408989,-0.14274263381958008,-0.07301592081785202,-0.03189586475491524,-0.1275429129600525,0.17161451280117035,-0.13073518872261047,0.2487160563468933,-0.07180993258953094,-0.20802907645702362,-0.06513205170631409,-0.04516756534576416,0.2007412612438202,-0.2338496744632721,-0.11886726319789886,0.02448049932718277,-0.008619964122772217,0.14907605946063995,0.030749108642339706,-0.028986390680074692,0.03222942352294922,-0.1208777129650116,-0.37707775831222534,-0.14494594931602478,-0.0812147855758667,0.029400799423456192,-0.07166770100593567,-0.024560127407312393,0.018315963447093964,-0.19660884141921997,-0.092741958796978,0.05646124482154846,0.0873970240354538,-0.011419907212257385,-0.10936883091926575,0.13879752159118652,-0.01693432219326496,-0.22909867763519287,-0.05343593657016754,0.101228728890419,0.23276060819625854,0.10755954682826996,0.06369731575250626,0.009576501324772835,-0.1350371241569519,0.11926665157079697,-0.13113033771514893,0.007959945127367973,0.0833597481250763,0.04428158700466156,0.071601003408432,0.03069853037595749,-0.12494683265686035,0.07074123620986938,0.1285974085330963,-0.21827897429466248,0.01847553625702858,0.11847415566444397,-0.1307096928358078,-0.0008229799568653107,-0.05314500629901886,0.24383315443992615,0.05328766629099846,-0.09393325448036194,-0.158169224858284,0.14453956484794617,-0.11698435992002487,-0.0932958796620369,0.014445088803768158,-0.1432475745677948,-0.18211215734481812,-0.3114137053489685,-0.02137582004070282,0.4348353445529938,0.07873375713825226,-0.12992967665195465,0.05990643799304962,0.00970861129462719,-0.02897198498249054,0.18168751895427704,0.17688414454460144,0.03372419998049736,0.04947865009307861,-0.0885675773024559,0.08162695169448853,0.22474023699760437,-0.07134190201759338,-0.004659529775381088,0.19260606169700623,-0.058640964329242706,0.0849887952208519,0.023844610899686813,0.044102877378463745,-0.09483538568019867,0.07918254286050797,-0.08738136291503906,0.008958682417869568,0.0894027054309845,-0.011534171178936958,0.01343393325805664,0.12536552548408508,-0.12283159047365189,0.0845155343413353,0.017993859946727753,0.0016181394457817078,-0.03573928028345108,-0.06849634647369385,-0.10144542902708054,-0.024191290140151978,0.09097689390182495,-0.22795501351356506,0.25945335626602173,0.17131122946739197,0.01612970232963562,0.14711277186870575,0.052919354289770126,0.023029610514640808,0.008000701665878296,-0.08153475821018219,-0.23637956380844116,-0.017765222117304802,0.1047348752617836,-0.04063611477613449,0.13269631564617157,-0.02907135710120201
-0.15218046307563782,0.0797596275806427,0.06393825262784958,-0.08267850428819656,-0.147337406873703,-0.04693719744682312,-0.0274534709751606,-0.13688835501670837,0.1769711673259735,-0.15949586033821106,0.2576530873775482,-0.10144573450088501,-0.20815958082675934,-0.0330972783267498,-0.052291497588157654,0.2158111035823822,-0.20685383677482605,-0.11193512380123138,0.008397158235311508,0.009557068347930908,0.13522610068321228,0.026806138455867767,-0.03314916044473648,0.036191947758197784,-0.10350696742534637,-0.3743690550327301,-0.14522303640842438,-0.07580441236495972,0.02399570122361183,-0.06231619417667389,-0.034375082701444626,0.012172698974609375,-0.19385910034179688,-0.08426293730735779,0.03503025323152542,0.09927844256162643,-0.02483879029750824,-0.12556585669517517,0.14510159194469452,-0.027883045375347137,-0.2403344213962555,-0.03435570001602173,0.0878995954990387,0.23735365271568298,0.10479328036308289,0.050520531833171844,0.010819429531693459,-0.13503317534923553,0.12012039124965668,-0.13958680629730225,0.002802245318889618,0.06326836347579956,0.053831975907087326,0.06273877620697021,0.04269731044769287,-0.13446679711341858,0.07622608542442322,0.1301298439502716,-0.2059609442949295,0.022226594388484955,0.12518565356731415,-0.12225467711687088,0.014944459311664104,-0.07538626343011856,0.2599114179611206,0.06371811777353287,-0.10021849721670151,-0.14804227650165558,0.1473580002784729,-0.10455372929573059,-0.06701857596635818,0.030559031292796135,-0.15288487076759338,-0.19230321049690247,-0.30766400694847107,-0.008667126297950745,0.4285200238227844,0.09618466347455978,-0.13802343606948853,0.03868713229894638,0.02190874144434929,-0.0182621031999588,0.18060638010501862,0.1906503438949585,0.040383197367191315,0.03483884781599045,-0.08516069501638412,0.06806814670562744,0.24030792713165283,-0.07775411754846573,-0.013255003839731216,0.20670410990715027,-0.05941549688577652,0.059886008501052856,-0.0013104341924190521,0.03314351290464401,-0.09487021714448929,0.06312790513038635,-0.08882205188274384,0.023047618567943573,0.07342632114887238,-0.01944635808467865,-0.012804627418518066,0.13159078359603882,-0.14199209213256836,0.08397753536701202,-0.0034720376133918762,0.004566781222820282,-0.04450005292892456,-0.07563070952892303,-0.10560046136379242,0.0013858675956726074,0.11342378705739975,-0.22440016269683838,0.23791934549808502,0.16958290338516235,0.013258256949484348,0.13919785618782043,0.0701206624507904,0.021663516759872437,0.018736913800239563,-0.06363043934106827,-0.24980928003787994,-0.028284983709454536,0.12186463177204132,-0.05337589234113693,0.13699956238269806,-0.01935756951570511
-0.1465386003255844,0.1064365804195404,0.07732966542243958,-0.056063100695610046,-0.14882808923721313,-0.03628597408533096,-0.029078803956508636,-0.12023839354515076,0.1815234273672104,-0.1394588202238083,0.2481059730052948,-0.09530754387378693,-0.21664567291736603,-0.024753034114837646,-0.06272467225790024,0.22888492047786713,-0.21737414598464966,-0.10361756384372711,0.0027165040373802185,-0.00432838499546051,0.13113296031951904,0.06085393950343132,-0.028883323073387146,0.02666754275560379,-0.11554569751024246,-0.3782062828540802,-0.11205822974443436,-0.07984381169080734,0.03260184824466705,-0.0795576274394989,-0.04831511899828911,-0.007159724831581116,-0.18649694323539734,-0.06947208940982819,0.0356135368347168,0.07583793997764587,-0.030388779938220978,-0.1323731690645218,0.1382802128791809,-0.013348665088415146,-0.25421756505966187,-0.03726981580257416,0.08615078032016754,0.23379606008529663,0.1240236908197403,0.05712677538394928,-0.004173924680799246,-0.1365738958120346,0.12096530944108963,-0.14390604197978973,-0.007153015583753586,0.06398795545101166,0.03564079478383064,0.06714265048503876,0.03579180687665939,-0.13032104074954987,0.04292759299278259,0.130146786570549,-0.21367214620113373,0.006712509319186211,0.11428269743919373,-0.12624162435531616,0.014913078397512436,-0.07528436928987503,0.26446712017059326,0.052894607186317444,-0.10601793229579926,-0.13720671832561493,0.14255930483341217,-0.11990967392921448,-0.06822621822357178,0.03334071859717369,-0.12180989980697632,-0.19175879657268524,-0.3016786575317383,0.000757172703742981,0.41575926542282104,0.09346801042556763,-0.1305847316980362,0.035357266664505005,0.0275932215154171,-0.01846754550933838,0.1738481968641281,0.20143340528011322,0.038668885827064514,0.03418796509504318,-0.07056844234466553,0.051734670996665955,0.2396949976682663,-0.07900233566761017,-0.011705568060278893,0.2192133069038391,-0.06437802314758301,0.04994118958711624,-0.005782741121947765,0.03543657064437866,-0.10741285979747772,0.06126150116324425,-0.07113751769065857,0.004633024334907532,0.08073435723781586,-0.014028612524271011,-0.002144366502761841,0.12826798856258392,-0.14031921327114105,0.082365982234478,-0.0024653300642967224,0.0027342960238456726,-0.01966504007577896,-0.07775487005710602,-0.09293397516012192,-0.01180654764175415,0.11489826440811157,-0.23301856219768524,0.24958114326000214,0.1624709963798523,0.013151729479432106,0.14813369512557983,0.06104135140776634,0.020835191011428833,0.01777137815952301,-0.059374190866947174,-0.23122702538967133,-0.03354891017079353,0.1332293599843979,-0.06695149093866348,0.14247843623161316,-0.026882629841566086
-0.13201484084129333,0.14478163421154022,0.03265466168522835,-0.07777009904384613,-0.15470068156719208,-0.03520995378494263,-0.08071283996105194,-0.1401008814573288,0.18200276792049408,-0.1761716902256012,0.2266802340745926,-0.08439993858337402,-0.21857741475105286,-0.05026338994503021,-0.0714612528681755,0.22622251510620117,-0.21788308024406433,-0.1272503286600113,0.04258473962545395,-0.02429410070180893,0.14799419045448303,0.0544673353433609,-0.030343040823936462,0.023921579122543335,-0.1536238044500351,-0.3595576286315918,-0.11274563521146774,-0.08547399938106537,-0.0008146390318870544,-0.09155012667179108,-0.016346190124750137,-0.02170344442129135,-0.1744445413351059,-0.03551667183637619,0.04051428288221359,0.09679029136896133,-0.04682460427284241,-0.11460745334625244,0.1455475240945816,-0.031981825828552246,-0.2268703281879425,-0.05594076216220856,0.07613888382911682,0.24330495297908783,0.10388408601284027,0.0007433891296386719,0.019620487466454506,-0.16077513992786407,0.11478892713785172,-0.1228955090045929,0.00804782472550869,0.09999484568834305,0.0020385789684951305,0.09530152380466461,0.037354715168476105,-0.12901835143566132,0.05672761797904968,0.1552591770887375,-0.17886939644813538,0.006516778841614723,0.10872381925582886,-0.09579635411500931,-0.027600876986980438,-0.05647372454404831,0.24126891791820526,0.04738733544945717,-0.10635330528020859,-0.1736236959695816,0.1525425761938095,-0.12146224081516266,-0.10289228707551956,0.011064045131206512,-0.1373371034860611,-0.21215367317199707,-0.30730682611465454,-0.016743063926696777,0.3794410228729248,0.11255538463592529,-0.14533236622810364,0.06295903772115707,0.04035180062055588,-0.019287437200546265,0.17472493648529053,0.19001612067222595,0.04494447633624077,0.04276710003614426,-0.06094043701887131,0.09035347402095795,0.2357560694217682,-0.09507495909929276,-0.02151484601199627,0.20461659133434296,-0.04599463939666748,0.06135324388742447,0.010184768587350845,0.037491172552108765,-0.09799956530332565,0.06734418869018555,-0.09281798452138901,0.006469279527664185,0.10069543868303299,-0.03902250900864601,-0.029379144310951233,0.14692948758602142,-0.15158981084823608,0.1257011443376541,0.03431011736392975,-0.0011036694049835205,-0.04080846905708313,-0.04337531328201294,-0.12016543745994568,-0.013053804636001587,0.14170445501804352,-0.2072315365076065,0.28110331296920776,0.18706640601158142,0.04678734019398689,0.16413787007331848,0.09358057379722595,0.016988664865493774,0.03450702130794525,-0.07747779041528702,-0.23733718693256378,-0.03699978440999985,0.08652010560035706,-0.04299675673246384,0.10202516615390778,-0.017935317009687424
-0.14178737998008728,0.1293468177318573,0.06696202605962753,-0.08011210709810257,-0.15677893161773682,-0.034119345247745514,-0.06500682234764099,-0.13351023197174072,0.17362847924232483,-0.15021733939647675,0.26505735516548157,-0.10090616345405579,-0.22321514785289764,-0.0578901581466198,-0.07364310324192047,0.22557470202445984,-0.237702876329422,-0.12726643681526184,0.03152945637702942,-0.020610660314559937,0.11676330864429474,0.044721752405166626,-0.018113169819116592,0.0026920288801193237,-0.15063779056072235,-0.39991337060928345,-0.10322125256061554,-0.11250221729278564,0.011584129184484482,-0.09243819117546082,-0.02150285616517067,-0.01112518459558487,-0.19270044565200806,-0.05664907768368721,0.03143242746591568,0.0746181309223175,-0.04822394251823425,-0.1052856594324112,0.1664455533027649,-0.03654533997178078,-0.2214013636112213,-0.03874371945858002,0.06919478625059128,0.2393568456172943,0.10613130033016205,0.03785203769803047,0.02608799934387207,-0.14881636202335358,0.11464351415634155,-0.13990500569343567,0.024538280442357063,0.08847782015800476,0.013424971140921116,0.07421108335256577,0.034247756004333496,-0.11311043798923492,0.03311935067176819,0.13290637731552124,-0.2055004984140396,0.010054027661681175,0.11855112016201019,-0.07535742223262787,-0.02725371904671192,-0.067878857254982,0.255829781293869,0.06612838059663773,-0.0943276584148407,-0.15546779334545135,0.15944163501262665,-0.11193346977233887,-0.08441978693008423,0.020544569939374924,-0.1312502920627594,-0.19545945525169373,-0.28639963269233704,-0.014560475945472717,0.39572227001190186,0.08381962776184082,-0.1311139464378357,0.0338587649166584,0.028177347034215927,-0.03921423852443695,0.16544485092163086,0.15821467339992523,0.0312710739672184,0.04139549285173416,-0.047802284359931946,0.09909144043922424,0.23854202032089233,-0.09052778780460358,-0.021658003330230713,0.20711646974086761,-0.05468977987766266,0.06090065836906433,0.00846626702696085,0.029985904693603516,-0.0831185057759285,0.0768592432141304,-0.08343848586082458,0.01872742921113968,0.10800488293170929,-0.01236844714730978,-0.015762358903884888,0.1302536576986313,-0.14176619052886963,0.10986891388893127,0.010880857706069946,0.0026899129152297974,-0.03086119145154953,-0.05844677984714508,-0.1007961556315422,-0.013566076755523682,0.1436743140220642,-0.21900540590286255,0.276530921459198,0.17381370067596436,0.023340513929724693,0.14727698266506195,0.06814722716808319,-0.00961129367351532,0.028877735137939453,-0.07192740589380264,-0.2565099000930786,-0.038971710950136185,0.11012107878923416,-0.04861968755722046,0.12491793930530548,-0.015285108238458633
-0.06797778606414795,0.1352071315050125,0.04110637307167053,-0.04977743327617645,-0.1281764656305313,0.0024101808667182922,-0.08181244134902954,-0.1092490702867508,0.16004988551139832,-0.1668606400489807,0.21759967505931854,-0.05061021447181702,-0.2536177933216095,-0.08684596419334412,-0.030277714133262634,0.24155285954475403,-0.18901219964027405,-0.1478872448205948,0.01257234625518322,-0.05039672553539276,0.08196669816970825,0.055514637380838394,-0.026868507266044617,-0.004932098090648651,-0.15914003551006317,-0.3496062159538269,-0.0775848776102066,-0.09195828437805176,-0.033905841410160065,-0.07832986116409302,-0.022583063691854477,0.059549957513809204,-0.14069826900959015,-0.017465390264987946,0.06130082905292511,0.078463613986969,-0.05578972399234772,-0.07423607259988785,0.1375085562467575,-0.014250495471060276,-0.20298120379447937,-0.06082355976104736,0.041444383561611176,0.25454333424568176,0.1044110655784607,0.010287996381521225,0.03607318177819252,-0.1467076539993286,0.10931925475597382,-0.16160275042057037,0.037423547357320786,0.11478926986455917,0.015626730397343636,0.08974172174930573,0.0733654797077179,-0.11402523517608643,0.04982355237007141,0.133363276720047,-0.1712786704301834,0.011854222975671291,0.08020610362291336,-0.10672422498464584,-0.04717763885855675,-0.10355991125106812,0.21955706179141998,0.058236390352249146,-0.08271774649620056,-0.17263993620872498,0.14828425645828247,-0.11516249179840088,-0.13462324440479279,0.02267121896147728,-0.13839983940124512,-0.1966920793056488,-0.3164818286895752,-0.03272844851016998,0.3434433937072754,0.14030158519744873,-0.1660626232624054,0.05779334530234337,0.07459461688995361,-0.02725324034690857,0.1857585906982422,0.1718672215938568,0.03853234648704529,0.005962595343589783,-0.033732201904058456,0.06623759865760803,0.2315922975540161,-0.10597585886716843,-0.05034556984901428,0.1777448207139969,-0.05775202065706253,0.053780749440193176,0.0043471213430166245,-0.006783634424209595,-0.04837099462747574,0.06733527779579163,-0.09822415560483932,-0.010860934853553772,0.08557289093732834,-0.03906587138772011,-0.03083139657974243,0.11870388686656952,-0.1280537098646164,0.11938660591840744,0.02144400030374527,0.02463667094707489,-0.006588049232959747,-0.021830633282661438,-0.13030792772769928,-0.019286945462226868,0.1565299928188324,-0.214521124958992,0.27225133776664734,0.18482723832130432,0.0207707267254591,0.12569785118103027,0.07456374168395996,0.042150720953941345,0.008275151252746582,-0.09098120033740997,-0.2435135692358017,-0.059768080711364746,0.11713670194149017,-0.03459145128726959,0.07473099231719971,-0.01901659369468689
-0.1535416692495346,0.13735036551952362,0.04221194609999657,-0.08852255344390869,-0.16649019718170166,-0.04128804802894592,-0.06865779310464859,-0.1503036469221115,0.15052902698516846,-0.14708012342453003,0.21467949450016022,-0.12459106743335724,-0.2041957825422287,-0.037241529673337936,-0.06809134781360626,0.22354888916015625,-0.22814348340034485,-0.10920482873916626,0.03890952095389366,-0.05721988528966904,0.128495454788208,0.05230320990085602,-0.03639279678463936,0.034971222281455994,-0.1469763070344925,-0.35791513323783875,-0.10415787249803543,-0.08601483702659607,0.003103276714682579,-0.07871241867542267,-0.02667265757918358,-0.006696000695228577,-0.1799038052558899,-0.040788110345602036,0.04695895314216614,0.11029423028230667,-0.04178996384143829,-0.13775938749313354,0.14761999249458313,-0.03476809710264206,-0.1961670219898224,-0.04661311209201813,0.08357404172420502,0.24892693758010864,0.11039786040782928,-0.010748626664280891,0.020805802196264267,-0.13685326278209686,0.13481436669826508,-0.11867973953485489,-0.0056508686393499374,0.09114658832550049,0.00340628856793046,0.07681159675121307,0.024245351552963257,-0.1466808021068573,0.050535351037979126,0.15670245885849,-0.20791339874267578,-0.0008633211255073547,0.11389251053333282,-0.10759089142084122,-0.032892677932977676,-0.08078235387802124,0.23562297224998474,0.08204519748687744,-0.10982969403266907,-0.1730671525001526,0.14787237346172333,-0.10376720875501633,-0.06772105395793915,-0.0047781988978385925,-0.1410055011510849,-0.2063944935798645,-0.294167697429657,-0.0003637969493865967,0.3796417713165283,0.11419501155614853,-0.14714956283569336,0.03485945984721184,0.03913967311382294,-0.017343610525131226,0.175514817237854,0.18668301403522491,0.035162992775440216,0.046294040977954865,-0.06298839300870895,0.103563591837883,0.2040850818157196,-0.0844074934720993,-0.029005765914916992,0.19710254669189453,-0.05155463516712189,0.05108059197664261,0.002808189485222101,0.04422721266746521,-0.1310667246580124,0.07761632651090622,-0.08496728539466858,0.022175952792167664,0.09161161631345749,-0.04752982407808304,-0.009467095136642456,0.1501978039741516,-0.14706826210021973,0.1341836154460907,0.015556588768959045,-0.003409557044506073,-0.08200766891241074,-0.08406633138656616,-0.09596866369247437,0.024083063006401062,0.13866962492465973,-0.2139746993780136,0.24696390330791473,0.178338423371315,0.027516504749655724,0.19204814732074738,0.0785696879029274,0.0035423189401626587,0.03582078218460083,-0.06785455346107483,-0.23951035737991333,-0.031321361660957336,0.08260723948478699,-0.0371873676776886,0.11109326779842377,-0.005575258284807205
-0.1670200526714325,0.13806410133838654,0.04834083467721939,-0.09160608053207397,-0.15638817846775055,-0.04392310976982117,-0.05497020483016968,-0.14382049441337585,0.1466660499572754,-0.1475827395915985,0.22577781975269318,-0.11135637760162354,-0.22576749324798584,-0.04291698709130287,-0.0486387237906456,0.22642382979393005,-0.2246198058128357,-0.10630138218402863,0.014576535671949387,-0.062134698033332825,0.13260938227176666,0.06927783787250519,-0.05138073116540909,0.04713427275419235,-0.13654398918151855,-0.3760063052177429,-0.11854333430528641,-0.07555374503135681,0.0019899941980838776,-0.06866070628166199,-0.028350867331027985,-0.010721929371356964,-0.16788318753242493,-0.053065042942762375,0.057392582297325134,0.12147493660449982,-0.046198442578315735,-0.12782394886016846,0.13910627365112305,-0.02408668026328087,-0.18168702721595764,-0.03518021106719971,0.08965668082237244,0.2620290517807007,0.1021387130022049,0.008686704561114311,0.04136515036225319,-0.12777526676654816,0.12324734777212143,-0.12776623666286469,0.00402433006092906,0.09240606427192688,0.032595522701740265,0.07616889476776123,0.049005016684532166,-0.15248379111289978,0.04233846068382263,0.15336482226848602,-0.2219819724559784,0.011150114238262177,0.11211957782506943,-0.11047301441431046,-0.03945405036211014,-0.07976055145263672,0.23069515824317932,0.07566042244434357,-0.12215930223464966,-0.16782210767269135,0.16516000032424927,-0.11033770442008972,-0.07761155813932419,-0.010255981236696243,-0.1443970501422882,-0.20489530265331268,-0.3076740801334381,0.010520905256271362,0.395288348197937,0.118109330534935,-0.15312997996807098,0.03163927048444748,0.039686840027570724,-0.0249677374958992,0.16021600365638733,0.1734643280506134,0.022061344236135483,0.04349297285079956,-0.06954692304134369,0.11789940297603607,0.20122797787189484,-0.06550915539264679,-0.026091603562235832,0.2028961330652237,-0.033701036125421524,0.04939839243888855,0.011277785524725914,0.0484018549323082,-0.12289728224277496,0.053880274295806885,-0.08874046802520752,0.026626236736774445,0.08806433528661728,-0.05784601345658302,-0.014230027794837952,0.13903138041496277,-0.15080206096172333,0.15071164071559906,0.01480460911989212,-0.014028795063495636,-0.10025273263454437,-0.07573536038398743,-0.1227644756436348,0.03824642300605774,0.1471242606639862,-0.22156020998954773,0.23802506923675537,0.19442123174667358,0.026210643351078033,0.1844729483127594,0.07047443091869354,-0.006649091839790344,0.03652304410934448,-0.0804363340139389,-0.24667920172214508,-0.056129876524209976,0.08546532690525055,-0.048765890300273895,0.11727529019117355,0.002349086105823517
-0.1666550189256668,0.1130913496017456,0.04670747369527817,-0.08465651422739029,-0.16008563339710236,-0.022412464022636414,-0.05287354439496994,-0.14682979881763458,0.1643381118774414,-0.1419466733932495,0.24751593172550201,-0.09492640942335129,-0.22587703168392181,-0.050726864486932755,-0.07555407285690308,0.23593392968177795,-0.23530229926109314,-0.11474315822124481,0.033827245235443115,-0.043047137558460236,0.11763196438550949,0.045300841331481934,-0.01668233796954155,0.006425611674785614,-0.13171488046646118,-0.38167068362236023,-0.1066630631685257,-0.10452280938625336,0.01766378991305828,-0.0773606151342392,-0.02699105441570282,-0.0030169636011123657,-0.1866491436958313,-0.0617884062230587,0.038378261029720306,0.093592569231987,-0.030077017843723297,-0.10789911448955536,0.15364530682563782,-0.034089095890522,-0.20113930106163025,-0.033234044909477234,0.0796462744474411,0.23865728080272675,0.10345546901226044,0.044288270175457,0.015307021327316761,-0.1390286386013031,0.11273124068975449,-0.1302989423274994,0.004022214561700821,0.07204878330230713,0.013738534413278103,0.0639011412858963,0.02126169204711914,-0.1320301592350006,0.0490533709526062,0.11919607222080231,-0.21257199347019196,0.00956408865749836,0.12421756982803345,-0.09409266710281372,-0.012959156185388565,-0.07114002108573914,0.25400006771087646,0.05258212611079216,-0.10480703413486481,-0.15644559264183044,0.14421695470809937,-0.0999012440443039,-0.0739465281367302,0.005226641893386841,-0.14117032289505005,-0.20061475038528442,-0.3006036877632141,0.0015303045511245728,0.3893504738807678,0.10720651596784592,-0.1258998066186905,0.030919592827558517,0.02906797267496586,-0.030440859496593475,0.16873809695243835,0.1581432968378067,0.036057572811841965,0.03429654985666275,-0.06869344413280487,0.08150926232337952,0.22205236554145813,-0.0830250158905983,-0.03414396941661835,0.2097785472869873,-0.060877878218889236,0.07059542834758759,-0.006670443341135979,0.059034161269664764,-0.11015790700912476,0.07747039943933487,-0.08499862998723984,0.01180294156074524,0.10048070549964905,-0.0204896442592144,0.004773393273353577,0.1405891478061676,-0.13482029736042023,0.11012043058872223,-0.011983722448348999,0.008468478918075562,-0.062057338654994965,-0.06926265358924866,-0.11074238270521164,0.01120750606060028,0.13859182596206665,-0.21168307960033417,0.2661583423614502,0.19719216227531433,0.029271641746163368,0.15528248250484467,0.09059511870145798,-0.015031710267066956,0.02399611473083496,-0.057661667466163635,-0.2565155029296875,-0.04638811945915222,0.10569462925195694,-0.05579543113708496,0.13722138106822968,0.004207432270050049
-0.20691613852977753,0.14510291814804077,0.08533686399459839,-0.09106781333684921,-0.190296933054924,-0.008459575474262238,-0.06202112138271332,-0.11427059769630432,0.1577470600605011,-0.1275622546672821,0.20439499616622925,-0.11084090173244476,-0.21025165915489197,-0.0006762072443962097,-0.05172758549451828,0.22634020447731018,-0.24273493885993958,-0.10808788239955902,0.02616594173014164,-0.07051657140254974,0.10756046324968338,0.06272324174642563,-0.07065098732709885,0.045963115990161896,-0.160360187292099,-0.38494008779525757,-0.08912868052721024,-0.05512911453843117,-0.0029723122715950012,-0.09836213290691376,-0.03618687763810158,-0.014608167111873627,-0.2011984884738922,-0.05671112239360809,0.0456402450799942,0.15576115250587463,-0.04279603064060211,-0.14777782559394836,0.1292908638715744,-0.0005175722762942314,-0.17963796854019165,-0.04519076645374298,0.0758669376373291,0.27327507734298706,0.13088764250278473,0.011060448363423347,0.00046113133430480957,-0.09794937074184418,0.15566223859786987,-0.16016197204589844,-0.001941882073879242,0.09563238173723221,0.024504365399479866,0.06755887717008591,0.030404478311538696,-0.146293506026268,0.04076293110847473,0.16087689995765686,-0.21870385110378265,0.005009826272726059,0.09820446372032166,-0.13353221118450165,-0.012434999458491802,-0.08357810229063034,0.24674256145954132,0.06982569396495819,-0.11716008931398392,-0.1519184559583664,0.15103840827941895,-0.06538154184818268,-0.05833226814866066,-0.010126650333404541,-0.1333080381155014,-0.21053719520568848,-0.3192623257637024,0.04407070577144623,0.4170804023742676,0.11934515833854675,-0.16421115398406982,0.012733003124594688,0.015621557831764221,-0.028556689620018005,0.14443837106227875,0.18910431861877441,0.027406983077526093,0.03543733060359955,-0.07525379955768585,0.11768293380737305,0.20721998810768127,-0.043906956911087036,-0.03571579232811928,0.2165420800447464,-0.03941097855567932,0.045265428721904755,-0.00183140579611063,0.05751322954893112,-0.15195682644844055,0.053925346583127975,-0.08888408541679382,-0.015711918473243713,0.11029874533414841,-0.030569199472665787,-0.003911375999450684,0.1738675981760025,-0.1742132306098938,0.14282959699630737,0.009818173944950104,-0.009207449853420258,-0.08230907469987869,-0.09950762987136841,-0.12129475176334381,0.029179871082305908,0.150997132062912,-0.2476729452610016,0.20741309225559235,0.19804875552654266,0.006879827938973904,0.19766196608543396,0.08132180571556091,-0.02717798948287964,0.04956386983394623,-0.05919226258993149,-0.22026897966861725,-0.04238593950867653,0.0938626304268837,-0.04093118757009506,0.12002205848693848,0.014479860663414001
-0.10803615301847458,0.05566947162151337,0.04201534390449524,-0.0736127495765686,-0.11959255486726761,-0.02738356590270996,-0.054432280361652374,-0.15966854989528656,0.18900859355926514,-0.1883547455072403,0.20409122109413147,-0.09329462051391602,-0.17547385394573212,-0.049481768161058426,-0.07872143387794495,0.2176322042942047,-0.21853986382484436,-0.17471550405025482,0.012385684996843338,-0.00830916315317154,0.11233164370059967,-0.0033453991636633873,-0.050264954566955566,0.04934091120958328,-0.10490631312131882,-0.3367961049079895,-0.12007761746644974,-0.07557637244462967,-0.003349579870700836,-0.05326031148433685,-0.04805697500705719,-0.021953701972961426,-0.1889990270137787,-0.0379909910261631,0.01638849824666977,0.07065898180007935,-0.020922265946865082,-0.1354951560497284,0.15468786656856537,-0.012198301032185555,-0.25085824728012085,-0.05389745533466339,0.09344127774238586,0.20057809352874756,0.11938729882240295,0.0413028784096241,-0.014468418434262276,-0.15245398879051208,0.13241596519947052,-0.14672726392745972,-0.017558693885803223,0.1048910990357399,0.03223893418908119,0.06612792611122131,0.0328541100025177,-0.1253112256526947,0.07163947820663452,0.09771852195262909,-0.14036864042282104,0.006488105282187462,0.08785006403923035,-0.11405804753303528,0.018145322799682617,-0.07266608625650406,0.26549163460731506,0.06649209558963776,-0.07233011722564697,-0.15524297952651978,0.17499127984046936,-0.11442865431308746,-0.11427899450063705,0.008171513676643372,-0.12466271221637726,-0.17849186062812805,-0.30607858300209045,-0.058263570070266724,0.4725942611694336,0.09880934655666351,-0.13356515765190125,0.07638005912303925,-0.025056373327970505,-0.021690502762794495,0.1960105299949646,0.18407954275608063,0.036027342081069946,0.030419856309890747,-0.0785793885588646,0.028251618146896362,0.26987412571907043,-0.06690708547830582,-0.023838166147470474,0.14996159076690674,-0.053667571395635605,0.07393746823072433,0.012048285454511642,0.007184721529483795,-0.066225565969944,0.09588194638490677,-0.09329211711883545,0.010224588215351105,0.044647932052612305,0.00318081583827734,0.006648793816566467,0.12471572309732437,-0.14612844586372375,0.07017549872398376,0.04689881205558777,-0.0077068135142326355,-0.008764974772930145,0.003893435001373291,-0.11565984040498734,-0.02908271551132202,0.10291849821805954,-0.23409676551818848,0.22743123769760132,0.16321557760238647,0.05249309167265892,0.14219558238983154,0.07511944323778152,0.06399717181921005,-0.0007812827825546265,-0.061869166791439056,-0.23801259696483612,-0.02843477949500084,0.0798841193318367,-0.02315542846918106,0.12152530252933502,0.016471322625875473
-0.09734705090522766,0.0523856021463871,0.029759053140878677,-0.0746661052107811,-0.12609103322029114,-0.019301533699035645,-0.05610073357820511,-0.15149131417274475,0.18743234872817993,-0.18658801913261414,0.21471339464187622,-0.09608402848243713,-0.18516476452350616,-0.0413689948618412,-0.07854578644037247,0.19570539891719818,-0.2063576877117157,-0.1722160279750824,0.03752313181757927,-0.004320263862609863,0.1179451048374176,-0.0010565854609012604,-0.057600200176239014,0.0302765890955925,-0.14118504524230957,-0.3223303258419037,-0.12572205066680908,-0.08359348773956299,-0.011253643780946732,-0.05537611246109009,-0.032959386706352234,-0.009586989879608154,-0.17677795886993408,-0.03770970553159714,0.03484214097261429,0.06789577752351761,-0.02206771820783615,-0.0983232632279396,0.17325490713119507,-0.003743330016732216,-0.23069894313812256,-0.05517354607582092,0.08845586329698563,0.23206642270088196,0.11288857460021973,0.05282473564147949,-0.017544496804475784,-0.15399327874183655,0.12248879671096802,-0.15978136658668518,0.006304075941443443,0.10510697960853577,0.03686470165848732,0.06033601984381676,0.03839017450809479,-0.11396928131580353,0.06406024098396301,0.10681060701608658,-0.1517849713563919,0.0206065122038126,0.10065501928329468,-0.10979194939136505,0.005548788234591484,-0.07102153450250626,0.2834378182888031,0.05912644416093826,-0.08409157395362854,-0.13955676555633545,0.18502455949783325,-0.10459483414888382,-0.12779869139194489,-0.006957147270441055,-0.11915174871683121,-0.17159968614578247,-0.3038268983364105,-0.05725094676017761,0.46122515201568604,0.09224627912044525,-0.14615103602409363,0.08435513079166412,-0.015239449217915535,-0.02718556672334671,0.19455397129058838,0.16844160854816437,0.034883562475442886,0.020725488662719727,-0.06800976395606995,0.03691583871841431,0.2674751579761505,-0.07895022630691528,-0.009639319032430649,0.14781251549720764,-0.05480039492249489,0.07232889533042908,0.021727925166487694,0.005999565124511719,-0.0771419033408165,0.08208461850881577,-0.10444056987762451,0.002479948103427887,0.0519077405333519,0.005554434843361378,0.01538325846195221,0.14937983453273773,-0.16143092513084412,0.0937722846865654,0.04243958741426468,-0.024917159229516983,-0.008227236568927765,-0.010938823223114014,-0.10614317655563354,-0.022625714540481567,0.11033327877521515,-0.24009063839912415,0.2218419313430786,0.1401815116405487,0.04987771064043045,0.1391851156949997,0.0750567764043808,0.042511455714702606,0.0057021379470825195,-0.05015435069799423,-0.25873667001724243,-0.03424358740448952,0.06935761868953705,-0.03060639649629593,0.11846838146448135,0.016176290810108185
