0.04618210345506668,0.06987243890762329,0.047679200768470764,-0.019608084112405777,0.0005180314183235168,-0.048985160887241364,-0.05097026750445366,-0.16247284412384033,0.14650307595729828,-0.06520071625709534,0.21383488178253174,0.007453532889485359,-0.12831620872020721,-0.15491175651550293,0.003757178783416748,0.1590667963027954,-0.197860449552536,-0.10723530501127243,-0.10141623020172119,-0.03243169188499451,0.09222772717475891,0.0013993019238114357,0.03889962285757065,-0.026922844350337982,-0.09107771515846252,-0.29180610179901123,-0.14007821679115295,-0.07314443588256836,0.09332618117332458,-0.030661702156066895,-0.010111972689628601,-0.0031647756695747375,-0.18451248109340668,-0.04796605557203293,0.044035837054252625,0.041769761592149734,0.008191026747226715,-0.1188378781080246,0.14511215686798096,-0.014383497647941113,-0.1713259518146515,0.1380269080400467,-0.007016286253929138,0.17271094024181366,0.2290121614933014,0.005418967455625534,0.05770653486251831,-0.17437073588371277,0.12933039665222168,-0.10539224743843079,0.03583425283432007,0.15656323730945587,0.07974442839622498,0.09633558988571167,0.005550414323806763,-0.06375735253095627,0.05525591969490051,0.10423126816749573,-0.18523061275482178,-0.0006992164999246597,0.11129090189933777,-0.025858666747808456,-0.05789642408490181,-0.021608293056488037,0.10521948337554932,0.07836810499429703,-0.11095461249351501,-0.21215365827083588,0.11190495640039444,-0.1556062400341034,-0.06386193633079529,0.014170702546834946,-0.1701822578907013,-0.15814588963985443,-0.2571354806423187,0.016891390085220337,0.4218044877052307,0.09137800335884094,-0.26740407943725586,0.04813208431005478,-0.08566974103450775,0.038270920515060425,0.16531403362751007,0.1208769828081131,0.031462717801332474,-0.011585846543312073,-0.08842238038778305,0.01863500475883484,0.1994059681892395,-0.08149701356887817,-0.030654162168502808,0.2377084195613861,0.017428509891033173,0.05309634655714035,0.00932652223855257,0.03132714331150055,-0.0011975541710853577,0.08390945196151733,-0.0968516618013382,-0.0013357475399971008,0.05929285287857056,0.010581862181425095,0.0034668445587158203,0.07843498885631561,-0.0928804874420166,0.19011849164962769,0.048404961824417114,0.06781702488660812,0.07961052656173706,-0.008647695183753967,-0.07127052545547485,-0.07258924841880798,0.13208834826946259,-0.22239039838314056,0.22497981786727905,0.1895744800567627,0.020464010536670685,0.073794886469841,0.04699983820319176,0.17297223210334778,-0.009258478879928589,-0.030716970562934875,-0.19995951652526855,-0.026625460013747215,-0.002229355275630951,0.028848182410001755,0.017463356256484985,-0.0036019980907440186
0.035371050238609314,0.0658155009150505,0.03897992894053459,-0.014963507652282715,0.018382638692855835,-0.05459640547633171,-0.04981613904237747,-0.1715559959411621,0.14982682466506958,-0.07127993553876877,0.2221066951751709,-0.0021901503205299377,-0.10235895216464996,-0.16530588269233704,0.015346892178058624,0.16230469942092896,-0.20344436168670654,-0.12184379994869232,-0.10524637252092361,-0.019624218344688416,0.08826170116662979,0.0043428801000118256,0.0348777174949646,-0.005510516464710236,-0.12652644515037537,-0.28334200382232666,-0.1419016271829605,-0.07641730457544327,0.07074126601219177,-0.03413143754005432,-0.0470016747713089,0.0193241685628891,-0.15619763731956482,-0.0495690181851387,0.06486251205205917,0.07278042286634445,0.010250367224216461,-0.09706686437129974,0.15176348388195038,-0.024212360382080078,-0.20647771656513214,0.14381186664104462,0.008596450090408325,0.18788054585456848,0.226361483335495,0.022577781230211258,0.0348082073032856,-0.15392953157424927,0.12019570916891098,-0.10748788714408875,0.058132439851760864,0.1748267561197281,0.08509428799152374,0.09361779689788818,0.005599498748779297,-0.05803805589675903,0.04525899887084961,0.11123056709766388,-0.18645931780338287,-0.02893437258899212,0.11184240877628326,-0.04205026850104332,-0.03127824515104294,-0.007568441331386566,0.09080930799245834,0.0973435640335083,-0.11091992259025574,-0.19801050424575806,0.10705441236495972,-0.16019712388515472,-0.07121309638023376,0.0054478272795677185,-0.1680588722229004,-0.1827692687511444,-0.250796914100647,0.017217591404914856,0.4345443844795227,0.09178516268730164,-0.2608940005302429,0.06539830565452576,-0.07104223221540451,0.016458414494991302,0.17636245489120483,0.12580999732017517,0.03244226798415184,-0.008546389639377594,-0.08529916405677795,0.009390294551849365,0.2004249542951584,-0.07417238503694534,-0.010350480675697327,0.22696302831172943,0.02076568454504013,0.03529079258441925,0.023408904671669006,0.032401248812675476,0.012173593044281006,0.1061660647392273,-0.08974037319421768,0.018269367516040802,0.04646892100572586,0.00994710810482502,0.0025587379932403564,0.0805637538433075,-0.10885938256978989,0.19052213430404663,0.06396151334047318,0.05942206829786301,0.08813680708408356,0.017774954438209534,-0.06066267564892769,-0.10837770253419876,0.11823064088821411,-0.2409372329711914,0.19579701125621796,0.19605781137943268,0.01069991011172533,0.09200087934732437,0.040550220757722855,0.18742793798446655,0.01070445030927658,-0.02316034585237503,-0.2103365957736969,-0.026750393211841583,0.020802447572350502,0.031853124499320984,0.017037808895111084,0.009260676801204681
0.010444000363349915,0.07008396089076996,0.059759631752967834,-0.021367628127336502,-0.0029540210962295532,-0.07004193961620331,-0.046224262565374374,-0.15850986540317535,0.1368391066789627,-0.07471984624862671,0.2235090136528015,-0.01094028726220131,-0.13787589967250824,-0.15392248332500458,0.00559929758310318,0.1756170690059662,-0.19917285442352295,-0.10470770299434662,-0.09911178797483444,-0.03152204304933548,0.09878367185592651,0.008526391349732876,0.03457888960838318,-0.009996302425861359,-0.08399584144353867,-0.2962151765823364,-0.13765834271907806,-0.066446453332901,0.07164713740348816,-0.013944819569587708,-0.013713821768760681,0.008642248809337616,-0.16330738365650177,-0.06209470331668854,0.038302674889564514,0.0531582273542881,0.011096686124801636,-0.12298990041017532,0.13973867893218994,-0.02121267281472683,-0.1603761464357376,0.12135296314954758,0.002824552357196808,0.18806342780590057,0.24230341613292694,0.0003154873847961426,0.06547783315181732,-0.17687900364398956,0.12836703658103943,-0.13524092733860016,0.015647809952497482,0.13713732361793518,0.07997013628482819,0.09116742014884949,0.008905254304409027,-0.06318142265081406,0.05584719777107239,0.09938433021306992,-0.1778019815683365,0.0009991228580474854,0.08677651733160019,-0.03110600635409355,-0.05568641424179077,-0.02227761596441269,0.11378505825996399,0.08185606449842453,-0.10747725516557693,-0.1912732571363449,0.12558947503566742,-0.16234678030014038,-0.07532086223363876,0.008565280586481094,-0.17331816256046295,-0.15991882979869843,-0.27010148763656616,0.0005153268575668335,0.4305531978607178,0.07937920093536377,-0.2729560136795044,0.05001206696033478,-0.07238201051950455,0.03730902820825577,0.17044797539710999,0.1372680813074112,0.03083026595413685,-0.025409124791622162,-0.09755151718854904,0.019010409712791443,0.20676788687705994,-0.09266243875026703,-0.02630056068301201,0.2552667260169983,0.04204670712351799,0.055366598069667816,0.03349262848496437,0.03947434574365616,0.0161873921751976,0.07813765853643417,-0.10060908645391464,0.0030221939086914062,0.07277382165193558,-0.0012227464467287064,0.0035945922136306763,0.07640248537063599,-0.09593009948730469,0.17794914543628693,0.04558466374874115,0.07742782682180405,0.08917445689439774,-0.013443216681480408,-0.06385684013366699,-0.08247537910938263,0.13515621423721313,-0.1975778341293335,0.18265967071056366,0.20185652375221252,-0.0002060718834400177,0.08513657748699188,0.035704605281353,0.18024110794067383,-0.008647464215755463,-0.023158162832260132,-0.18890437483787537,-0.012775997631251812,-5.54695725440979e-06,0.0357014536857605,0.0025252997875213623,0.006322793662548065
0.024411417543888092,0.05502747744321823,0.06370067596435547,0.00308777391910553,-0.005734451115131378,-0.06969930231571198,-0.04796658083796501,-0.16672737896442413,0.13428163528442383,-0.07031897455453873,0.22940869629383087,0.007610786706209183,-0.12895308434963226,-0.15905767679214478,0.02000810205936432,0.1622653603553772,-0.18138852715492249,-0.09583229571580887,-0.0938883125782013,-0.03460609167814255,0.09785985946655273,-0.004892499651759863,0.052255626767873764,-0.010689131915569305,-0.0958697646856308,-0.2939225435256958,-0.12716928124427795,-0.06825366616249084,0.08103722333908081,-0.013336122035980225,-0.02037057653069496,0.007974579930305481,-0.186621755361557,-0.052125997841358185,0.03188294172286987,0.051168978214263916,0.015129022300243378,-0.1113162413239479,0.15645693242549896,-0.02650567889213562,-0.17491334676742554,0.13558021187782288,-0.0049281492829322815,0.16890555620193481,0.23601701855659485,-0.01186446100473404,0.05983751639723778,-0.16549530625343323,0.10449638962745667,-0.11582759022712708,0.018900983035564423,0.15274575352668762,0.07023230195045471,0.08545246720314026,-0.00753813236951828,-0.05926021933555603,0.048730432987213135,0.09672843664884567,-0.1922786682844162,-0.006767360493540764,0.09237663447856903,-0.03332556411623955,-0.0578855462372303,-0.013433285057544708,0.10655122995376587,0.09199467301368713,-0.10712850093841553,-0.19509196281433105,0.10484844446182251,-0.17458012700080872,-0.07054604589939117,0.007181338965892792,-0.1731410175561905,-0.16670459508895874,-0.28083446621894836,0.005081877112388611,0.4160361886024475,0.08820616453886032,-0.28809213638305664,0.05150624364614487,-0.08189018070697784,0.030796531587839127,0.17728012800216675,0.13065743446350098,0.05186809226870537,-0.015240229666233063,-0.09284340590238571,0.02238716185092926,0.19329477846622467,-0.07949259132146835,-0.022804487496614456,0.25471869111061096,0.04601516202092171,0.04433353990316391,0.023983269929885864,0.04682333767414093,0.012228868901729584,0.06681463867425919,-0.1145646870136261,0.0005742684006690979,0.04643221199512482,0.01254572905600071,0.012499868869781494,0.07342486828565598,-0.1104491651058197,0.18339058756828308,0.053682029247283936,0.05575282871723175,0.08434393256902695,-0.004759266972541809,-0.06423735618591309,-0.08624593913555145,0.11992627382278442,-0.2099590003490448,0.20656774938106537,0.20160137116909027,0.010893367230892181,0.08820350468158722,0.03650037944316864,0.17342226207256317,-0.01311645656824112,-0.02291247993707657,-0.18146182596683502,-0.01862633228302002,-0.015470974147319794,0.028074000030755997,0.01845429837703705,0.008870899677276611
0.020607545971870422,0.04783208668231964,0.057017214596271515,-0.010010238736867905,0.0021337121725082397,-0.06754779070615768,-0.034600917249917984,-0.16077134013175964,0.1387675404548645,-0.07434364408254623,0.2150513231754303,0.00788385234773159,-0.12549623847007751,-0.1678272783756256,0.004820041358470917,0.1668901890516281,-0.1799919605255127,-0.11208359152078629,-0.08934612572193146,-0.017381340265274048,0.10366031527519226,-0.0009469268843531609,0.038929298520088196,-0.01691179722547531,-0.08656953275203705,-0.29270732402801514,-0.14668098092079163,-0.06559062004089355,0.06910151988267899,-0.019737035036087036,-0.0074105337262153625,0.004458099603652954,-0.17817683517932892,-0.05489170551300049,0.03341542184352875,0.044511836022138596,0.011696688830852509,-0.10914711654186249,0.14682120084762573,-0.010295386426150799,-0.17324203252792358,0.11788511276245117,-0.004926934838294983,0.18678364157676697,0.2180062085390091,0.01950439251959324,0.0590914748609066,-0.17106927931308746,0.10928069055080414,-0.12605299055576324,0.04291043430566788,0.1407487541437149,0.07594240456819534,0.0886172354221344,0.010325416922569275,-0.06187959760427475,0.06138637661933899,0.09042361378669739,-0.1836569905281067,-0.0008814726024866104,0.09445007145404816,-0.015190836042165756,-0.05535460263490677,-0.026251845061779022,0.1146339476108551,0.07418660819530487,-0.10399599373340607,-0.17787253856658936,0.12253724038600922,-0.162123903632164,-0.0727090910077095,0.0022464990615844727,-0.166466623544693,-0.17200574278831482,-0.26944008469581604,0.01082468032836914,0.4129587411880493,0.09766031801700592,-0.2756194472312927,0.04755263030529022,-0.07338732481002808,0.04526445269584656,0.17901749908924103,0.11873295903205872,0.03554357588291168,-0.002238832414150238,-0.08869026601314545,0.011279955506324768,0.19753190875053406,-0.08055596798658371,-0.026995539665222168,0.24727286398410797,0.0374385267496109,0.037860654294490814,0.027548866346478462,0.02864667773246765,0.03291676938533783,0.08323989063501358,-0.11240402609109879,0.00717674195766449,0.06998138129711151,0.0064502013847231865,0.0033245980739593506,0.07167109102010727,-0.11042765527963638,0.18454208970069885,0.05491350591182709,0.05418962985277176,0.07811467349529266,-0.011874958872795105,-0.0902552530169487,-0.07498994469642639,0.1268218606710434,-0.2094201296567917,0.2090696394443512,0.20142000913619995,0.009384987875819206,0.0875132828950882,0.040692105889320374,0.17880547046661377,-0.015975631773471832,-0.03875187784433365,-0.19018813967704773,-0.022342532873153687,0.016905788332223892,0.027567412704229355,0.019996821880340576,0.009059593081474304
0.030990727245807648,0.05822660028934479,0.05955025553703308,-0.014864865690469742,0.002600155770778656,-0.06495960056781769,-0.033297695219516754,-0.16147640347480774,0.14064860343933105,-0.06909467279911041,0.2060355544090271,0.000639740377664566,-0.12538808584213257,-0.16082969307899475,0.0048911720514297485,0.16554449498653412,-0.17973780632019043,-0.11743523180484772,-0.08894437551498413,-0.028720378875732422,0.10278303176164627,0.000311264768242836,0.04264075309038162,-0.015493877232074738,-0.09331212192773819,-0.2859686613082886,-0.13405321538448334,-0.06587845087051392,0.07638190686702728,-0.02148061990737915,-0.012510575354099274,0.005309373140335083,-0.1797126829624176,-0.058441221714019775,0.036359772086143494,0.05902598425745964,0.015001088380813599,-0.1109122559428215,0.14842914044857025,-0.02400287054479122,-0.17799830436706543,0.11959976702928543,0.0005530565977096558,0.18868860602378845,0.21157169342041016,0.01719943806529045,0.05735689401626587,-0.16772928833961487,0.11616944521665573,-0.1183357983827591,0.04259566217660904,0.1414523869752884,0.06463620811700821,0.09038905799388885,0.0044670626521110535,-0.0615755096077919,0.06324350833892822,0.09161336719989777,-0.18264929950237274,-0.0003273375332355499,0.09946227818727493,-0.020899277180433273,-0.05153600499033928,-0.026104331016540527,0.11443395912647247,0.0670037567615509,-0.10051192343235016,-0.18543767929077148,0.11465547233819962,-0.1591065675020218,-0.07647548615932465,0.007826633751392365,-0.16639500856399536,-0.1593175083398819,-0.2711772620677948,0.008382990956306458,0.4205477833747864,0.08962135016918182,-0.2702872157096863,0.055385760962963104,-0.07180726528167725,0.04497053474187851,0.1846296340227127,0.11898598074913025,0.03861883282661438,0.010209433734416962,-0.09701386839151382,0.018643975257873535,0.20507827401161194,-0.08607783168554306,-0.03672797605395317,0.23586910963058472,0.035622745752334595,0.045074284076690674,0.025260716676712036,0.040529005229473114,0.021658703684806824,0.09079998731613159,-0.11966928839683533,0.0033094286918640137,0.08501705527305603,0.011722874827682972,0.0026035308837890625,0.07663372904062271,-0.11079126596450806,0.1847817450761795,0.05749887973070145,0.059009067714214325,0.08052081614732742,-0.0024247467517852783,-0.08953581005334854,-0.08029282093048096,0.13170793652534485,-0.2093513309955597,0.21022263169288635,0.20448780059814453,0.00973251461982727,0.08113251626491547,0.04555762559175491,0.17191065847873688,-0.006792977452278137,-0.03447652608156204,-0.19071629643440247,-0.02803201973438263,0.017379388213157654,0.03375539928674698,0.02896982431411743,0.015959136188030243
0.01578681915998459,0.06681443005800247,0.05509168654680252,-0.014822550117969513,0.013772442936897278,-0.07230949401855469,-0.033042315393686295,-0.16832849383354187,0.13928547501564026,-0.06746981292963028,0.21805617213249207,-0.0016222428530454636,-0.11588919907808304,-0.17513354122638702,0.01820863038301468,0.16373154520988464,-0.172821044921875,-0.11971798539161682,-0.09706343710422516,-0.02083885669708252,0.09351673722267151,-0.00960508082062006,0.037840962409973145,-0.00456884503364563,-0.08882084488868713,-0.2997966408729553,-0.14791050553321838,-0.07337542623281479,0.06873655319213867,-0.014119699597358704,-0.015025407075881958,0.005426831543445587,-0.18209341168403625,-0.0568409189581871,0.0398549884557724,0.05384841561317444,0.02613081783056259,-0.10872859507799149,0.14851652085781097,-0.010780305601656437,-0.17436906695365906,0.11852701008319855,-0.0019634366035461426,0.18943898379802704,0.21556618809700012,-0.0017964541912078857,0.0653170496225357,-0.14908748865127563,0.10568912327289581,-0.11030244082212448,0.03208521008491516,0.13706663250923157,0.07300303876399994,0.08240659534931183,0.014432959258556366,-0.06106768548488617,0.06391599774360657,0.09152115881443024,-0.1825704276561737,-0.006787646561861038,0.09250307083129883,-0.0367918387055397,-0.06915245950222015,-0.012020640075206757,0.12381722778081894,0.08927741646766663,-0.101231649518013,-0.19556501507759094,0.1121387854218483,-0.15597502887248993,-0.06037064641714096,0.008365333080291748,-0.1729629635810852,-0.15451395511627197,-0.26895758509635925,0.022615179419517517,0.42865562438964844,0.08625622093677521,-0.28494805097579956,0.059964872896671295,-0.08077503740787506,0.04612291604280472,0.1864287257194519,0.12453493475914001,0.03855748102068901,0.008149787783622742,-0.09881500899791718,0.012407436966896057,0.19631946086883545,-0.0711507573723793,-0.030345596373081207,0.23396913707256317,0.024289704859256744,0.04436209052801132,0.028779244050383568,0.018147826194763184,0.028374239802360535,0.07396382838487625,-0.10282789170742035,0.00826621800661087,0.06655224412679672,0.010611731559038162,-0.007200106978416443,0.06985271722078323,-0.11333674937486649,0.16288794577121735,0.05777605623006821,0.05362634360790253,0.07083841413259506,-0.002541258931159973,-0.07633352279663086,-0.08178704977035522,0.11643387377262115,-0.220724418759346,0.2016351819038391,0.19765102863311768,-0.0023213019594550133,0.08210305869579315,0.03934825211763382,0.16806747019290924,-0.005965784192085266,-0.026130512356758118,-0.18098323047161102,-0.019188879057765007,0.01505592092871666,0.03132154047489166,0.019102096557617188,-0.0023204833269119263
0.008485361933708191,0.062190547585487366,0.05467095598578453,-0.016741719096899033,0.05124605447053909,-0.08076216280460358,-0.046362459659576416,-0.18084150552749634,0.14318104088306427,-0.07294126600027084,0.25221240520477295,-0.04879752919077873,-0.11644148826599121,-0.1747463345527649,0.032912395894527435,0.17380425333976746,-0.19565075635910034,-0.08556710928678513,-0.10665462911128998,-0.020582839846611023,0.09591452777385712,0.020412756130099297,0.040887609124183655,0.014489293098449707,-0.06682842969894409,-0.2963315546512604,-0.1540181040763855,-0.09688755869865417,0.11626109480857849,-0.025905922055244446,-0.029768206179142,0.007565684616565704,-0.16591891646385193,-0.07545981556177139,0.05613858997821808,0.027608413249254227,0.013696491718292236,-0.08816073834896088,0.18479764461517334,-0.014593357220292091,-0.17177478969097137,0.10339927673339844,0.008616849780082703,0.18380586802959442,0.2120600789785385,0.04921025037765503,0.06219793111085892,-0.1758975088596344,0.11851423978805542,-0.08254481852054596,0.019535690546035767,0.15387748181819916,0.08210347592830658,0.09955519437789917,0.01850835233926773,-0.09162791073322296,0.026538550853729248,0.0812796950340271,-0.15619754791259766,0.012767484411597252,0.10678071528673172,-0.03759564459323883,-0.03034433163702488,-0.011610433459281921,0.1311856061220169,0.03566417098045349,-0.10906323790550232,-0.19010192155838013,0.12512698769569397,-0.13247008621692657,-0.05993007495999336,0.02831348404288292,-0.16969823837280273,-0.15582022070884705,-0.24938680231571198,0.005530357360839844,0.42236876487731934,0.06822902709245682,-0.26395946741104126,0.07085446268320084,-0.09636883437633514,-0.005756992846727371,0.16475708782672882,0.1392804980278015,0.04634580388665199,0.0022066161036491394,-0.07076805830001831,-0.006276756525039673,0.18872550129890442,-0.08979152143001556,0.02039197087287903,0.23783691227436066,-0.0009777173399925232,0.06408516317605972,0.00015563517808914185,0.009367316961288452,-0.019298046827316284,0.08711566776037216,-0.08228027820587158,-0.01594601571559906,0.05179884284734726,0.0331849679350853,0.038423120975494385,0.0718095526099205,-0.11233155429363251,0.193456768989563,0.06086631119251251,0.06477881222963333,0.07135246694087982,0.032110750675201416,-0.05532827973365784,-0.08663228154182434,0.12157363444566727,-0.20807598531246185,0.1967409998178482,0.18221968412399292,0.01580025628209114,0.08398395776748657,0.04760038107633591,0.20457670092582703,-0.0054242610931396484,-0.0024417489767074585,-0.20322664082050323,-0.020636960864067078,0.0227772518992424,0.053231410682201385,0.021989241242408752,-0.0018290802836418152
0.03606933355331421,0.08648703247308731,0.013072504661977291,-0.04195059463381767,-0.004310429096221924,-0.07872653752565384,-0.05769311636686325,-0.18275998532772064,0.12662431597709656,-0.08452004194259644,0.23046201467514038,0.003980385139584541,-0.11699970811605453,-0.12004997581243515,0.01778888702392578,0.1436651349067688,-0.26994332671165466,-0.034855447709560394,-0.13338631391525269,-0.01600213348865509,0.05847069248557091,0.05911499634385109,0.059856001287698746,-0.01775091141462326,-0.06360910087823868,-0.2808381915092468,-0.12513649463653564,-0.08958229422569275,0.09592094272375107,-0.03820919990539551,-0.00041056424379348755,0.008115895092487335,-0.18243469297885895,-0.041057005524635315,0.03015740215778351,0.006704144179821014,0.0072526633739471436,-0.08514782786369324,0.15629927814006805,0.03147820383310318,-0.1800801306962967,0.09299862384796143,0.012697964906692505,0.18773245811462402,0.23566368222236633,0.014733385294675827,0.016377467662096024,-0.15020248293876648,0.12710823118686676,-0.1283506453037262,0.011870237998664379,0.11730775237083435,0.06810127198696136,0.10470932722091675,0.004951022565364838,-0.07126640528440475,0.040665119886398315,0.07389483600854874,-0.12658166885375977,-0.015965018421411514,0.1434585452079773,-0.052773524075746536,-0.027411919087171555,0.01004541665315628,0.1661176085472107,0.058678336441516876,-0.1210319846868515,-0.13556316494941711,0.07148437947034836,-0.12608204782009125,-0.09452686458826065,0.01221102848649025,-0.12678158283233643,-0.1314687877893448,-0.24857884645462036,-0.0036221593618392944,0.3864710330963135,0.08081892132759094,-0.25640690326690674,-0.00870431587100029,-0.13176792860031128,0.009009800851345062,0.18960566818714142,0.11314651370048523,0.029697300866246223,-0.016753509640693665,-0.08292610198259354,0.02155463397502899,0.22216379642486572,-0.10141231119632721,-0.004146823659539223,0.2653265595436096,0.007431112229824066,0.05283261090517044,-0.009287955239415169,0.021556198596954346,-0.02533206343650818,0.0547848716378212,-0.09391789138317108,-0.004119127988815308,0.09241046011447906,0.004041999578475952,-0.004657074809074402,0.09953215718269348,-0.12021689862012863,0.18804806470870972,0.07468732446432114,0.03550497815012932,0.11751053482294083,-0.013762086629867554,-0.05339488387107849,-0.08170264959335327,0.12368354201316833,-0.18929913640022278,0.24464748799800873,0.17278173565864563,0.005425719544291496,0.08611463010311127,0.03198141232132912,0.16077031195163727,-0.058126308023929596,-0.02904679626226425,-0.1742556244134903,-0.052903249859809875,0.032394252717494965,0.06246844306588173,0.026822984218597412,-0.03524048626422882
0.029616914689540863,0.06958829611539841,0.045018572360277176,-0.008491568267345428,0.041080161929130554,-0.07955561578273773,-0.03995402902364731,-0.16548171639442444,0.15403205156326294,-0.05535491555929184,0.2509443759918213,-0.02210063859820366,-0.11627112329006195,-0.15801280736923218,0.01650809496641159,0.15238505601882935,-0.21614935994148254,-0.07154518365859985,-0.11806853115558624,-0.025295644998550415,0.11721613258123398,0.008112700656056404,0.05009378865361214,-0.02167399227619171,-0.0872722640633583,-0.2933271527290344,-0.15386071801185608,-0.09113553911447525,0.14262935519218445,-0.03519497811794281,-0.01616174727678299,-0.00434257835149765,-0.17253144085407257,-0.07133680582046509,0.03647293895483017,0.006870348006486893,0.008307196199893951,-0.10394284129142761,0.17578627169132233,0.004412786103785038,-0.18346576392650604,0.09416034817695618,-0.015778467059135437,0.18973565101623535,0.24050606787204742,0.027179716154932976,0.05753616616129875,-0.18416449427604675,0.122263103723526,-0.10159121453762054,0.005660969763994217,0.15732884407043457,0.08652420341968536,0.10805287212133408,0.011321872472763062,-0.06643061339855194,0.02976900339126587,0.09555800259113312,-0.1807003617286682,-0.010183029808104038,0.10158493369817734,-0.023842066526412964,-0.0316123366355896,-0.019556842744350433,0.1229713186621666,0.05672205239534378,-0.11485225707292557,-0.18660669028759003,0.13634955883026123,-0.1421087682247162,-0.06000005453824997,0.02097957208752632,-0.15525874495506287,-0.16612833738327026,-0.2562674880027771,-0.0016101747751235962,0.4394587278366089,0.06585327535867691,-0.2599966526031494,0.05360057204961777,-0.11637946218252182,-0.008911751210689545,0.17393054068088531,0.13575512170791626,0.0333620086312294,0.00511680543422699,-0.06672423332929611,0.0008565634489059448,0.1954590082168579,-0.11350522190332413,0.00917220488190651,0.23579934239387512,0.006083577871322632,0.06377318501472473,0.0032502952963113785,0.02481614053249359,-0.023117370903491974,0.10684479027986526,-0.08954132348299026,-0.0016756132245063782,0.046187855303287506,0.020124372094869614,0.03464910387992859,0.07548729330301285,-0.09298742562532425,0.19738198816776276,0.08436565101146698,0.05495136231184006,0.0826852023601532,-0.005220681428909302,-0.05234108492732048,-0.09624013304710388,0.12422401458024979,-0.2228371500968933,0.20473185181617737,0.1936350166797638,0.010005318559706211,0.08599737286567688,0.0391126424074173,0.19340363144874573,-0.007208481431007385,-0.008151337504386902,-0.20318067073822021,-0.004346013069152832,0.004186645150184631,0.04517166316509247,-0.01186630129814148,-0.020293422043323517
0.026526495814323425,0.05188973248004913,0.04559610038995743,-0.00027224794030189514,0.015054255723953247,-0.05041015148162842,-0.0326167494058609,-0.1652843952178955,0.13991358876228333,-0.06294257938861847,0.24417762458324432,-0.005495687946677208,-0.10263083130121231,-0.14964228868484497,0.013171590864658356,0.15142393112182617,-0.22584077715873718,-0.09935348480939865,-0.1055835485458374,-0.0373108834028244,0.10113568603992462,0.01702415943145752,0.037058379501104355,-0.007415421307086945,-0.11052566766738892,-0.2877669632434845,-0.1283770352602005,-0.09439890086650848,0.11902271211147308,-0.04554681479930878,-0.039196278899908066,0.0032146722078323364,-0.16945454478263855,-0.05250369757413864,0.04930070787668228,0.03940192610025406,0.010121546685695648,-0.09418366849422455,0.16083963215351105,-0.003507755696773529,-0.15411818027496338,0.10105158388614655,0.017876043915748596,0.20154684782028198,0.2293236255645752,0.03086964413523674,0.027007054537534714,-0.14957298338413239,0.11428114026784897,-0.10492953658103943,0.036052752286195755,0.1540660560131073,0.08041895180940628,0.12407273054122925,-0.0029624998569488525,-0.059545859694480896,0.04287451505661011,0.10291736572980881,-0.1834355890750885,-0.002060694620013237,0.10505272448062897,-0.032461266964673996,-0.03333362191915512,-0.011283688247203827,0.12980574369430542,0.0517892986536026,-0.10093403607606888,-0.16630838811397552,0.10867621749639511,-0.14773762226104736,-0.07615712285041809,-0.006010245531797409,-0.17044876515865326,-0.1587485373020172,-0.23950615525245667,0.009246855974197388,0.42641377449035645,0.07421664893627167,-0.2571409046649933,0.039692223072052,-0.07430165261030197,-0.011007484048604965,0.18049542605876923,0.1131231039762497,0.03943932428956032,-0.01608332246541977,-0.07306773215532303,0.02289193868637085,0.19793376326560974,-0.07525563985109329,0.012648198753595352,0.2298005372285843,0.019681941717863083,0.024770677089691162,0.025881323963403702,0.020600810647010803,0.0014547109603881836,0.09669868648052216,-0.10438042879104614,0.00160960853099823,0.018250226974487305,0.011828952468931675,0.011780455708503723,0.07120684534311295,-0.1097392588853836,0.18724629282951355,0.07982512563467026,0.03667645528912544,0.0797436311841011,-0.012479051947593689,-0.07079513370990753,-0.10382865369319916,0.1271284818649292,-0.2224087119102478,0.19390708208084106,0.20498716831207275,0.043839436024427414,0.09325910359621048,0.0022600963711738586,0.17600616812705994,-0.01081935316324234,-0.006439134478569031,-0.20466305315494537,-0.004437088500708342,0.016954516991972923,0.016984395682811737,-0.002423614263534546,-0.007113352417945862
0.06159209460020065,0.07778669148683548,0.03756675869226456,-0.0055420175194740295,-0.014404118061065674,-0.0619804672896862,-0.024143412709236145,-0.17213177680969238,0.1430276334285736,-0.02616976387798786,0.24768197536468506,-0.03482893854379654,-0.14439108967781067,-0.12321146577596664,0.0012073814868927002,0.15423683822155,-0.2241283804178238,-0.09635380655527115,-0.09649300575256348,-0.027900785207748413,0.08887805044651031,0.020667538046836853,0.053142476826906204,-0.006809212267398834,-0.12322662770748138,-0.2805267572402954,-0.1201249361038208,-0.07108593732118607,0.09900841116905212,-0.03105933964252472,-0.04498275741934776,0.017395637929439545,-0.19472375512123108,-0.06083402782678604,0.07712385058403015,0.029042502865195274,-0.003126673400402069,-0.1319090574979782,0.17794959247112274,0.009752118960022926,-0.1959102898836136,0.071478933095932,0.03248007595539093,0.18843883275985718,0.2187909185886383,0.022599641233682632,0.037569962441921234,-0.1585148423910141,0.09340868890285492,-0.08099284023046494,0.01740364357829094,0.17782646417617798,0.08108431845903397,0.11032085120677948,-0.03425443172454834,-0.07575087249279022,0.03435307741165161,0.10554410517215729,-0.17170430719852448,-0.052312593907117844,0.1348303258419037,-0.037713512778282166,-0.014952482655644417,-0.0353555753827095,0.1525801718235016,0.03682328015565872,-0.11512541025876999,-0.1710309535264969,0.09960956871509552,-0.1451651006937027,-0.09016091376543045,0.008331764489412308,-0.16557174921035767,-0.16323652863502502,-0.2668282091617584,0.007197588682174683,0.43107518553733826,0.06873993575572968,-0.23761028051376343,0.02955593168735504,-0.087421715259552,0.003921192139387131,0.1619897037744522,0.1398010551929474,0.02963782660663128,0.022259078919887543,-0.08125954866409302,0.015268027782440186,0.21573421359062195,-0.10587351024150848,-0.005570635199546814,0.22347506880760193,0.005054756999015808,0.031856924295425415,0.008664296008646488,0.028366416692733765,-0.01173834502696991,0.11473412811756134,-0.08162619173526764,0.022740066051483154,0.034430161118507385,0.012260597199201584,0.026585817337036133,0.10854282975196838,-0.12238044291734695,0.14681512117385864,0.07182855159044266,0.017738942056894302,0.0758972242474556,-0.021102234721183777,-0.05653665214776993,-0.1301591694355011,0.11089376360177994,-0.25767993927001953,0.18736004829406738,0.1918952912092209,0.02528497390449047,0.0904855951666832,0.017345905303955078,0.18103592097759247,-0.005621880292892456,-0.01315770298242569,-0.1914883852005005,-0.02445109188556671,0.027524463832378387,0.03226315230131149,0.029652059078216553,-0.015128500759601593
0.052261874079704285,0.05804470181465149,0.0005622506141662598,-0.01110227219760418,0.01865200698375702,-0.06188679486513138,-0.027713444083929062,-0.1847357451915741,0.15416216850280762,-0.046812646090984344,0.23477323353290558,-0.0010937824845314026,-0.12393476068973541,-0.11826051771640778,-0.011065162718296051,0.14501775801181793,-0.2550177276134491,-0.10015270113945007,-0.12282324582338333,-0.027306824922561646,0.09580659866333008,0.019268851727247238,0.04712823033332825,-0.008564621210098267,-0.1038988009095192,-0.25351646542549133,-0.13508208096027374,-0.08046022802591324,0.08512508869171143,-0.043429672718048096,-0.02120377868413925,0.01860658824443817,-0.19335037469863892,-0.06454254686832428,0.08376727998256683,0.049914997071027756,0.021089904010295868,-0.10435160994529724,0.16834789514541626,0.016891250386834145,-0.1696985363960266,0.07488572597503662,0.058663949370384216,0.19997084140777588,0.22181101143360138,0.025496508926153183,0.00405707024037838,-0.15617337822914124,0.1237591952085495,-0.09596210718154907,0.02581445872783661,0.1556388884782791,0.08984114229679108,0.13377618789672852,-0.010927870869636536,-0.09377936273813248,0.04388013482093811,0.11071350425481796,-0.15484490990638733,-0.018976876512169838,0.1255505532026291,-0.05419735610485077,-0.013778749853372574,-0.007154926657676697,0.14296740293502808,0.06094665080308914,-0.11060401052236557,-0.18426790833473206,0.10447893291711807,-0.13232706487178802,-0.08182219415903091,0.009257685393095016,-0.1600867211818695,-0.15178245306015015,-0.2366946041584015,-0.018777504563331604,0.41831761598587036,0.04691874235868454,-0.23246583342552185,0.02521936595439911,-0.10195991396903992,-0.012233447283506393,0.15672358870506287,0.12065909802913666,0.04220713675022125,0.02356063574552536,-0.09593336284160614,0.01932673156261444,0.22850051522254944,-0.08878734707832336,0.0047596413642168045,0.232692152261734,-0.017321355640888214,0.024012088775634766,0.021757761016488075,0.03143264353275299,-0.02792958915233612,0.10663828998804092,-0.11920124292373657,-0.0044403523206710815,0.018459536135196686,0.006809776648879051,0.012812539935112,0.0853884294629097,-0.09286562353372574,0.12932085990905762,0.07536566257476807,0.03643006086349487,0.06271985173225403,-0.028618425130844116,-0.06826776266098022,-0.11560662090778351,0.12192365527153015,-0.23319728672504425,0.2152637094259262,0.17392107844352722,0.0220484621822834,0.08076400309801102,0.010409519076347351,0.18590931594371796,-0.011974722146987915,-0.021044418215751648,-0.19617246091365814,-0.011415788903832436,0.005166895687580109,0.05263315141201019,0.007127359509468079,-0.023437798023223877
0.04143102467060089,0.06781446933746338,0.01720493659377098,-0.0020631421357393265,0.0011800006031990051,-0.08052253723144531,-0.023863956332206726,-0.18732315301895142,0.15634654462337494,-0.038469359278678894,0.2404543161392212,-0.018022004514932632,-0.14201773703098297,-0.09402336180210114,-0.00333520770072937,0.14313888549804688,-0.23528368771076202,-0.09657078981399536,-0.11164401471614838,-0.01671244204044342,0.08231865614652634,0.027805276215076447,0.049932293593883514,0.017219096422195435,-0.08347155153751373,-0.26302748918533325,-0.13053330779075623,-0.09247647225856781,0.0718400627374649,-0.02769552171230316,-0.0414399690926075,0.02500990778207779,-0.17335671186447144,-0.0791264995932579,0.09098633378744125,0.041459500789642334,0.0032335370779037476,-0.09529007971286774,0.1749863624572754,-0.01013103500008583,-0.17947924137115479,0.07548728585243225,0.06247881427407265,0.2005586177110672,0.21403956413269043,0.03311288356781006,0.010525279678404331,-0.15481272339820862,0.08255328238010406,-0.087918221950531,0.017450643703341484,0.17018799483776093,0.09710273146629333,0.1267339587211609,-0.02916092425584793,-0.09367696940898895,0.04326167702674866,0.11455234885215759,-0.1580391675233841,-0.013362656347453594,0.14046238362789154,-0.05748075246810913,-0.010989860631525517,0.002634301781654358,0.17868241667747498,0.05311160534620285,-0.12138667702674866,-0.17013141512870789,0.07450200617313385,-0.15151947736740112,-0.10071181505918503,0.013471271842718124,-0.17805740237236023,-0.16330909729003906,-0.22695764899253845,-0.02403123676776886,0.42637813091278076,0.046811096370220184,-0.23136386275291443,0.0392150916159153,-0.1136474758386612,-0.010069385170936584,0.1514521837234497,0.12683309614658356,0.03732931241393089,0.00858239084482193,-0.09093411266803741,0.012071311473846436,0.2236756533384323,-0.08687077462673187,0.006205817684531212,0.2377505749464035,-0.006378747522830963,0.028451114892959595,0.01254392322152853,0.01837192475795746,-0.0013452991843223572,0.09181562811136246,-0.10406950116157532,-0.007814347743988037,0.013019166886806488,0.012347416952252388,0.013144120573997498,0.08232355862855911,-0.12958228588104248,0.12531429529190063,0.07412832975387573,0.046911731362342834,0.08554432541131973,-0.01477399468421936,-0.05701485276222229,-0.12652263045310974,0.1347159594297409,-0.24397748708724976,0.21058672666549683,0.18150822818279266,0.035475004464387894,0.07829909771680832,-0.001102350652217865,0.1682465523481369,-0.0044536292552948,-0.018749281764030457,-0.20305253565311432,0.0007356246933341026,0.03164270892739296,0.03512424975633621,0.03089328110218048,-0.01655413955450058
0.03503940999507904,0.07117044180631638,0.004785072058439255,-0.014178778976202011,-0.005634725093841553,-0.0594555027782917,-0.02034277655184269,-0.1705637276172638,0.13681362569332123,-0.046235475689172745,0.24523968994617462,-0.03681099787354469,-0.15211184322834015,-0.10499092936515808,-0.03298190236091614,0.13447457551956177,-0.22518599033355713,-0.10436346381902695,-0.09856218099594116,-0.007258310914039612,0.10953451693058014,0.020595600828528404,0.04284307733178139,-0.013129979372024536,-0.11729444563388824,-0.2740366756916046,-0.1194138303399086,-0.06134364381432533,0.05191053822636604,-0.04921731352806091,-0.03641575574874878,0.01942988485097885,-0.20303267240524292,-0.05101091414690018,0.09911487251520157,0.06711381673812866,-0.0033040717244148254,-0.1007738709449768,0.16637319326400757,0.029736891388893127,-0.18596971035003662,0.052881598472595215,0.054443225264549255,0.207271546125412,0.21599826216697693,0.008974602445960045,0.0068903155624866486,-0.19024434685707092,0.10927647352218628,-0.07258486747741699,0.02211044356226921,0.1668596714735031,0.08332347869873047,0.13786296546459198,-0.04043310880661011,-0.08055908977985382,0.0322798490524292,0.13967877626419067,-0.12548884749412537,-0.03555723652243614,0.12243916094303131,-0.07076612859964371,-0.02646706812083721,-0.03625364601612091,0.15394894778728485,0.03986220061779022,-0.11654084920883179,-0.20065735280513763,0.10077793896198273,-0.1289242058992386,-0.1100085973739624,0.0203358493745327,-0.1622035801410675,-0.1585666686296463,-0.23601001501083374,-0.015580102801322937,0.4318980276584625,0.04360165446996689,-0.22024565935134888,0.033391159027814865,-0.10866549611091614,-0.012968212366104126,0.15543843805789948,0.15547208487987518,0.04350774735212326,0.04107317328453064,-0.07281310111284256,0.030693545937538147,0.24602952599525452,-0.10267788171768188,-0.013473417609930038,0.20736388862133026,-0.028953917324543,0.06163468211889267,0.020045101642608643,-0.0077092647552490234,-0.01984461396932602,0.12379096448421478,-0.1073310375213623,-0.016673333942890167,-0.0022442787885665894,-0.01033071056008339,0.010829061269760132,0.09771327674388885,-0.12027096748352051,0.12583354115486145,0.08812008798122406,0.03995724767446518,0.08465848118066788,-0.04083305597305298,-0.04921271279454231,-0.11079540103673935,0.10575667768716812,-0.2694588005542755,0.22425222396850586,0.17711585760116577,0.06605891138315201,0.09105706214904785,0.0369173064827919,0.15903036296367645,0.019384637475013733,-0.015051081776618958,-0.2138364017009735,0.01745670661330223,0.027423521503806114,0.05947040021419525,0.023537546396255493,-0.042857635766267776
0.0392053946852684,0.06072849780321121,0.011305847205221653,-0.010881505906581879,0.009176038205623627,-0.09565965086221695,-0.027708925306797028,-0.18380005657672882,0.14180567860603333,-0.04948987439274788,0.2555089592933655,-0.018729086965322495,-0.12792353332042694,-0.10925943404436111,0.009110212326049805,0.13783423602581024,-0.24183213710784912,-0.09329729527235031,-0.11752448976039886,-0.0141572505235672,0.09071886539459229,0.021813657134771347,0.05008777976036072,0.01545126736164093,-0.08604349941015244,-0.2721858024597168,-0.14163899421691895,-0.07912501692771912,0.08702538907527924,-0.03628171980381012,-0.03358355909585953,0.030245423316955566,-0.17236363887786865,-0.0704110711812973,0.0785670205950737,0.029718372970819473,0.020533591508865356,-0.0922776609659195,0.16702400147914886,-0.0006755776703357697,-0.1785723865032196,0.08414746820926666,0.052849844098091125,0.19941557943820953,0.21915379166603088,0.024886000901460648,0.02208743989467621,-0.16028553247451782,0.09229591488838196,-0.08643394708633423,0.008706459775567055,0.16003315150737762,0.10001067072153091,0.11991845071315765,-0.027064256370067596,-0.08110985904932022,0.04190763831138611,0.1093502789735794,-0.16393902897834778,-0.008704602718353271,0.12151622027158737,-0.052722346037626266,-0.016371021047234535,0.0031334981322288513,0.15831568837165833,0.0507742278277874,-0.11526771634817123,-0.17698334157466888,0.08744361996650696,-0.15872015058994293,-0.1001223623752594,0.015737753361463547,-0.16853739321231842,-0.16740798950195312,-0.2332552820444107,-0.028423741459846497,0.4009550213813782,0.04153336584568024,-0.2452758252620697,0.05174914747476578,-0.10399660468101501,-0.01814376190304756,0.15420058369636536,0.1325072944164276,0.03485650196671486,0.017844125628471375,-0.09489832818508148,0.013410791754722595,0.23159025609493256,-0.09034132212400436,0.014542428776621819,0.2552209496498108,0.005880184471607208,0.035760149359703064,0.02993551641702652,0.025925830006599426,0.0022360682487487793,0.0845983698964119,-0.10550974309444427,0.0007023885846138,0.013644993305206299,0.0035341624170541763,-0.0024238675832748413,0.07153429090976715,-0.12167153507471085,0.1410411298274994,0.07421477884054184,0.04522126168012619,0.07475342601537704,-0.019732892513275146,-0.044687509536743164,-0.13244035840034485,0.12134964764118195,-0.24061909317970276,0.19508928060531616,0.1951986849308014,0.03896276280283928,0.08266844600439072,-0.005161076784133911,0.16571174561977386,-0.004590526223182678,-0.019002392888069153,-0.19191387295722961,0.003968408796936274,0.024155985563993454,0.030310548841953278,0.004522785544395447,-0.021239086985588074
0.030408456921577454,0.08171500265598297,0.039526768028736115,-0.024147529155015945,0.02358393371105194,-0.08183632045984268,-0.06617435812950134,-0.17005375027656555,0.1484472006559372,-0.06891512870788574,0.25050148367881775,-0.005850590765476227,-0.13577668368816376,-0.1575532853603363,0.009085677564144135,0.1730089783668518,-0.18764254450798035,-0.09373903274536133,-0.09357576072216034,-0.027326226234436035,0.09932777285575867,0.007736057974398136,0.04017770290374756,0.0042110830545425415,-0.1061997041106224,-0.2648015320301056,-0.13454720377922058,-0.06308433413505554,0.06359599530696869,-0.0215015709400177,-0.03577623888850212,0.001450084149837494,-0.1909416913986206,-0.05777798593044281,0.05195392668247223,0.07437504082918167,0.0046761855483055115,-0.1108127236366272,0.1464274376630783,0.005217593163251877,-0.186811625957489,0.11037648469209671,-0.014203853905200958,0.1850922852754593,0.26163214445114136,0.0030787885189056396,0.049647338688373566,-0.17116837203502655,0.10771013051271439,-0.12623582780361176,0.030528083443641663,0.15718768537044525,0.07053540647029877,0.08701087534427643,-0.0053495243191719055,-0.07829882204532623,0.03992220759391785,0.09753085672855377,-0.1658228039741516,-0.02976803295314312,0.1084030270576477,-0.05104858800768852,-0.03735283762216568,-0.02000432461500168,0.10937358438968658,0.07671402394771576,-0.1176837831735611,-0.1974460780620575,0.11175646632909775,-0.16643673181533813,-0.07652043551206589,0.02283785492181778,-0.16613534092903137,-0.18233880400657654,-0.29563385248184204,0.01392713189125061,0.41585204005241394,0.09877395629882812,-0.2549844980239868,0.07150886207818985,-0.08127392828464508,0.029223497956991196,0.1687210500240326,0.12770769000053406,0.05712461471557617,0.00454866886138916,-0.1000712588429451,0.01777888834476471,0.21626761555671692,-0.10128790885210037,-0.022006390616297722,0.24982985854148865,-0.010087147355079651,0.056966811418533325,0.014372427016496658,0.03984291851520538,0.005437672138214111,0.09100896120071411,-0.09235965460538864,0.004611998796463013,0.05824752897024155,0.006386417895555496,0.014947384595870972,0.08476392179727554,-0.11171101778745651,0.16411373019218445,0.049792878329753876,0.06298482418060303,0.07374611496925354,-0.011493146419525146,-0.07928206026554108,-0.08806899189949036,0.13263171911239624,-0.21596315503120422,0.21684354543685913,0.19597703218460083,0.017189498990774155,0.08333804458379745,0.07081292569637299,0.17462360858917236,0.0006217509508132935,-0.03396565467119217,-0.19308951497077942,-0.021428892388939857,-0.009652618318796158,0.04654538258910179,0.03869876265525818,0.004415228962898254
0.04461377114057541,0.05561342090368271,0.0348711833357811,-0.010604050010442734,0.027700990438461304,-0.05099979415535927,-0.07088150084018707,-0.18880528211593628,0.14948615431785583,-0.08492433279752731,0.24224847555160522,-0.004581470042467117,-0.09630797803401947,-0.17310915887355804,0.016139134764671326,0.1542859673500061,-0.19576337933540344,-0.1105399802327156,-0.09324251860380173,-0.01505213975906372,0.08344685286283493,0.010906561277806759,0.03502587974071503,0.003992654383182526,-0.10276525467634201,-0.2940128445625305,-0.13945192098617554,-0.09057889878749847,0.09822285920381546,-0.03612068295478821,-0.039076004177331924,0.005834341049194336,-0.1626756638288498,-0.04222667217254639,0.051935210824012756,0.059952616691589355,-0.002782560884952545,-0.07982954382896423,0.16854214668273926,-0.015088405460119247,-0.19193054735660553,0.12506313621997833,-0.012056559324264526,0.18630847334861755,0.21781893074512482,0.030422773212194443,0.05678284540772438,-0.15513703227043152,0.12779149413108826,-0.09326598048210144,0.020964087918400764,0.18690621852874756,0.08507244288921356,0.08682645857334137,0.0008196532726287842,-0.072752445936203,0.03541535139083862,0.08049999922513962,-0.16498330235481262,0.003551548346877098,0.11844762414693832,-0.03963455185294151,-0.02491385117173195,-0.00459522008895874,0.11364710330963135,0.048721905797719955,-0.11762218177318573,-0.19449667632579803,0.10571076720952988,-0.1565091609954834,-0.06532298028469086,0.021289203315973282,-0.18076226115226746,-0.18719074130058289,-0.25569283962249756,-0.0002130270004272461,0.4312206506729126,0.09354199469089508,-0.24911287426948547,0.07238120585680008,-0.08839521557092667,0.013271801173686981,0.1615479588508606,0.1254187673330307,0.049020856618881226,0.009535789489746094,-0.09682045876979828,0.011105671525001526,0.19694267213344574,-0.08275856077671051,0.004125364124774933,0.22273215651512146,-0.0009630993008613586,0.06763635575771332,-0.0002765669487416744,0.030124947428703308,-0.014857396483421326,0.09303660690784454,-0.07869474589824677,0.006583742797374725,0.03500157594680786,0.031777046620845795,0.03542871028184891,0.07670889049768448,-0.09207433462142944,0.21702982485294342,0.0517277792096138,0.07549962401390076,0.07601533085107803,0.03536728024482727,-0.0692579597234726,-0.09891383349895477,0.12889067828655243,-0.21531103551387787,0.20267391204833984,0.1867007166147232,0.03668079525232315,0.08181096613407135,0.05362794175744057,0.18402667343616486,-0.021494679152965546,-0.011575669050216675,-0.2178967297077179,-0.03267804533243179,-0.01912631280720234,0.02733168751001358,0.029351353645324707,6.353110074996948e-05
0.0408899262547493,0.07903673499822617,0.05473422631621361,0.003191143274307251,0.023897171020507812,-0.059863362461328506,-0.0756046324968338,-0.17997723817825317,0.14382821321487427,-0.06451366096735,0.22900041937828064,0.015607327222824097,-0.09355723857879639,-0.16106106340885162,-0.012463614344596863,0.16851530969142914,-0.20269380509853363,-0.10343357920646667,-0.10481201857328415,-0.016708150506019592,0.08698903024196625,0.031978923827409744,0.05812114104628563,-0.020479127764701843,-0.112078957259655,-0.27917909622192383,-0.13251106441020966,-0.08557649701833725,0.06616134941577911,-0.04793253540992737,-0.022472277283668518,0.009340696036815643,-0.1626197099685669,-0.03228732943534851,0.0491667166352272,0.04151388630270958,-0.005341269075870514,-0.0826316773891449,0.16980789601802826,0.0028076916933059692,-0.19892141222953796,0.11935912072658539,0.0031035393476486206,0.197037935256958,0.2362784743309021,0.016753755509853363,0.0435897521674633,-0.14189931750297546,0.11329874396324158,-0.10972018539905548,0.01893545873463154,0.1794426590204239,0.0736372172832489,0.0816236361861229,0.004200458526611328,-0.051053449511528015,0.04209423065185547,0.08737708628177643,-0.14630897343158722,-0.004482610151171684,0.11999209225177765,-0.04699152708053589,-0.03780399262905121,0.024441756308078766,0.10555779188871384,0.062134623527526855,-0.10903801023960114,-0.18169330060482025,0.10579822212457657,-0.14739549160003662,-0.07688651233911514,0.017031587660312653,-0.17280255258083344,-0.17556911706924438,-0.26050955057144165,-0.01954701542854309,0.44918274879455566,0.06894947588443756,-0.2522805631160736,0.0582691952586174,-0.09119430184364319,0.023670531809329987,0.15798217058181763,0.12082197517156601,0.019543735310435295,0.006066471338272095,-0.10730744898319244,0.013367190957069397,0.209803506731987,-0.07860050350427628,-0.011180952191352844,0.23479729890823364,0.014322690665721893,0.04486681520938873,0.009854985401034355,0.023521974682807922,0.007369212806224823,0.0808146670460701,-0.08874794840812683,-0.010355688631534576,0.05324310064315796,0.0171763114631176,0.013584867119789124,0.09501572698354721,-0.10125495493412018,0.1910853385925293,0.06484558433294296,0.07400179654359818,0.09443135559558868,0.04044654965400696,-0.0741492211818695,-0.10800708085298538,0.1288861632347107,-0.18718956410884857,0.19143523275852203,0.1889379471540451,0.016390353441238403,0.06185147538781166,0.05944681912660599,0.18584494292736053,-0.026751160621643066,-0.007899820804595947,-0.1983528733253479,-0.033774781972169876,-0.015344956889748573,0.03641388565301895,0.026166006922721863,0.0021987855434417725
0.030567608773708344,0.07992914319038391,0.043815478682518005,0.010639339685440063,-0.007896095514297485,-0.05538386106491089,-0.06470464169979095,-0.17959856986999512,0.10588271915912628,-0.0791117325425148,0.24824757874011993,0.019841572269797325,-0.12903118133544922,-0.16790403425693512,0.028532110154628754,0.15365807712078094,-0.1752508133649826,-0.12050137668848038,-0.09695541113615036,-0.0015751123428344727,0.09675954282283783,0.002162228338420391,0.06923418492078781,-0.03267930448055267,-0.1322956681251526,-0.285233736038208,-0.15064431726932526,-0.06771635264158249,0.0749206393957138,-0.039046645164489746,-0.027598802000284195,-0.005892224609851837,-0.19730083644390106,-0.02475128322839737,0.05168484151363373,0.0656559094786644,0.009226977825164795,-0.09104461967945099,0.14127680659294128,0.009178472682833672,-0.18673942983150482,0.12131758034229279,-0.02757836878299713,0.18085968494415283,0.23502877354621887,-0.00796072743833065,0.048909690231084824,-0.15386082231998444,0.07558968663215637,-0.11343353986740112,0.039145708084106445,0.15835270285606384,0.08200198411941528,0.08875294029712677,0.0034005939960479736,-0.03578462451696396,0.06455546617507935,0.10224012285470963,-0.18649162352085114,-0.031033670529723167,0.0923345685005188,-0.03356989100575447,-0.035090960562229156,0.0008329823613166809,0.11291085183620453,0.08198510855436325,-0.09816644340753555,-0.18008534610271454,0.11030974239110947,-0.15797437727451324,-0.08353133499622345,0.0030469968914985657,-0.16123713552951813,-0.1805039942264557,-0.26787039637565613,-0.008261144161224365,0.4225803017616272,0.1036805510520935,-0.2859042286872864,0.07749219238758087,-0.07869173586368561,0.00878458097577095,0.1585153192281723,0.11133916676044464,0.042071469128131866,0.020842358469963074,-0.10113189369440079,0.036836326122283936,0.215256005525589,-0.09957797080278397,-0.00492718443274498,0.25506019592285156,0.015916578471660614,0.0480964332818985,0.053725529462099075,0.011011257767677307,0.030658066272735596,0.05797358229756355,-0.0977708250284195,-0.014154762029647827,0.016739770770072937,-0.012593325227499008,-0.008976384997367859,0.07093363255262375,-0.11121949553489685,0.1835365891456604,0.06876084953546524,0.03930195793509483,0.06141051650047302,-0.009613946080207825,-0.06777190417051315,-0.08830457925796509,0.11097125709056854,-0.24069340527057648,0.22236274182796478,0.20398548245429993,-0.00030579790472984314,0.08215292543172836,0.049846407026052475,0.16262377798557281,-0.012044072151184082,-0.03200404345989227,-0.18010318279266357,-0.03618483245372772,-0.0020059123635292053,0.021274328231811523,0.022232845425605774,0.0017446130514144897
0.05890754610300064,0.10587045550346375,0.02227678894996643,0.02937009185552597,-0.00856732577085495,-0.04355427995324135,-0.05176896974444389,-0.17849010229110718,0.1100427508354187,-0.07305828481912613,0.26458740234375,0.003133511170744896,-0.12440657615661621,-0.17895349860191345,0.024303771555423737,0.14710092544555664,-0.2050970196723938,-0.10047363489866257,-0.12142016738653183,0.010436728596687317,0.11465728282928467,-0.012043350376188755,0.07037360966205597,-0.0515112578868866,-0.10510073602199554,-0.3063071072101593,-0.13853614032268524,-0.05828343331813812,0.07913769781589508,-0.07071475684642792,-0.03976898267865181,0.03433792293071747,-0.20347997546195984,-0.06672563403844833,0.04768574982881546,0.07635100185871124,-0.006949514150619507,-0.10706472396850586,0.1303853839635849,-0.006887331604957581,-0.17471066117286682,0.14012524485588074,-0.02466724067926407,0.190884530544281,0.21440035104751587,0.008888926357030869,0.04439186304807663,-0.1650979071855545,0.07819739729166031,-0.10844642668962479,0.046270765364170074,0.1758657991886139,0.08326852321624756,0.11942513287067413,-0.007463611662387848,-0.038320984691381454,0.06916949152946472,0.10142116248607635,-0.204707071185112,-0.04589182138442993,0.10705743730068207,-0.03235314041376114,-0.008668260648846626,-0.008600376546382904,0.12595891952514648,0.10628175735473633,-0.09816940873861313,-0.19595037400722504,0.09313738346099854,-0.13138604164123535,-0.09900540113449097,-0.0028180107474327087,-0.15814098715782166,-0.18533001840114594,-0.26844263076782227,0.003492206335067749,0.4358644485473633,0.09569968283176422,-0.2728477716445923,0.04425632208585739,-0.11920098960399628,-0.03795100003480911,0.14973239600658417,0.12874597311019897,0.05766013637185097,0.007869400084018707,-0.1081603467464447,0.04671856760978699,0.21284103393554688,-0.10048919171094894,-0.04072606936097145,0.2501123547554016,0.01646466553211212,0.024392560124397278,0.029148947447538376,0.024224475026130676,0.001835756003856659,0.09578192234039307,-0.10738129168748856,-0.023677118122577667,0.016418904066085815,-0.01864788681268692,-0.04377269744873047,0.0913381576538086,-0.0953264907002449,0.1874726563692093,0.0661146268248558,0.049793217331171036,0.06872100383043289,-0.049323201179504395,-0.069624163210392,-0.08065474033355713,0.09615852683782578,-0.27386999130249023,0.23550669848918915,0.19835320115089417,0.028131863102316856,0.09279132634401321,0.0459517277777195,0.16815392673015594,0.01688644289970398,-0.05670259892940521,-0.21326011419296265,-0.04808460921049118,0.010218888521194458,0.0677928775548935,0.001494094729423523,0.0023540109395980835
