0.03235217183828354,0.012069456279277802,-0.01250414177775383,0.000528702512383461,-0.08950351923704147,-0.03877927362918854,-0.0032031722366809845,-0.09725358337163925,0.15488329529762268,-0.09531576186418533,0.1575244665145874,-0.1290217638015747,-0.16405466198921204,0.0060628801584243774,-0.04820362105965614,0.12840315699577332,-0.14064541459083557,-0.05336800590157509,-0.07478626817464828,0.03138747811317444,0.09961019456386566,0.04065655544400215,-0.03920668363571167,0.019707344472408295,-0.07234340906143188,-0.30462270975112915,-0.11320583522319794,-0.1121194064617157,0.059792011976242065,-0.046035006642341614,-0.0847877562046051,0.10811328142881393,-0.11717686057090759,-0.07898841798305511,0.05326187610626221,-0.006517078727483749,-0.043940797448158264,-0.04698052257299423,0.17998111248016357,0.047976959496736526,-0.26641395688056946,0.03804570436477661,0.07595065236091614,0.2124233841896057,0.13387006521224976,0.07231093943119049,0.002238665707409382,-0.1430782824754715,0.10913987457752228,-0.19167208671569824,0.007675458677113056,0.13834074139595032,0.12355238199234009,0.11312802135944366,0.0035179704427719116,-0.10991545021533966,0.05486738681793213,0.049548447132110596,-0.17728382349014282,0.02605605125427246,0.15455809235572815,-0.056083936244249344,-0.03499973192811012,-0.017778940498828888,0.23694178462028503,0.08124305307865143,-0.08260610699653625,-0.13748422265052795,0.13088011741638184,-0.15136316418647766,-0.10002604126930237,0.0503501296043396,-0.11788715422153473,-0.16135910153388977,-0.20519058406352997,0.020465880632400513,0.43933072686195374,0.09124939143657684,-0.16686365008354187,0.04553533345460892,-0.10181013494729996,-0.016162291169166565,0.16832134127616882,0.11137818545103073,-0.008195299655199051,-0.021785587072372437,-0.023210659623146057,-0.009891688823699951,0.2197970151901245,-0.13087159395217896,0.02026664838194847,0.1516706645488739,0.018633030354976654,0.058282963931560516,-0.006034378428012133,-0.00022254884243011475,-0.06667810678482056,0.05536820739507675,-0.10100511461496353,-0.01819118857383728,0.08744357526302338,-0.01769043505191803,0.02121436595916748,0.1300307810306549,-0.19139355421066284,0.18354251980781555,0.018069423735141754,-0.04655449092388153,0.10992255806922913,-0.004918724298477173,-0.04914051294326782,-0.04033204913139343,0.11727990210056305,-0.21821026504039764,0.192422553896904,0.10025504231452942,0.05629761517047882,0.08282997459173203,0.03566694259643555,0.1054019033908844,0.0012493431568145752,-0.01858079433441162,-0.2534652054309845,-0.051968179643154144,0.13658249378204346,0.0047628507018089294,-0.017928287386894226,-0.05278748273849487
0.05094420164823532,0.0008765384554862976,-0.018807074055075645,0.0051725637167692184,-0.0790887251496315,-0.022862449288368225,0.012074831873178482,-0.11005649715662003,0.15156447887420654,-0.09049250930547714,0.16559915244579315,-0.12306272238492966,-0.14886169135570526,0.01742594689130783,-0.05687358230352402,0.11454635113477707,-0.14181390404701233,-0.03927280381321907,-0.08178345859050751,0.01392468810081482,0.0872189849615097,0.04108692333102226,-0.042375851422548294,0.008740454912185669,-0.07120197266340256,-0.2861684560775757,-0.12007331848144531,-0.1260092705488205,0.05901070311665535,-0.04768584668636322,-0.06288065016269684,0.11156918108463287,-0.11071191728115082,-0.0728759616613388,0.037816159427165985,-0.026663463562726974,-0.05536483973264694,-0.052827075123786926,0.1743982583284378,0.04170776158571243,-0.24702493846416473,0.049676984548568726,0.07579877972602844,0.2109137773513794,0.12422917038202286,0.05310344323515892,0.0038606319576501846,-0.14173802733421326,0.10787712037563324,-0.18099218606948853,0.0016461024060845375,0.13525724411010742,0.12433835864067078,0.1281118392944336,-0.00467953085899353,-0.09264671802520752,0.07103291153907776,0.053577885031700134,-0.17268700897693634,0.04238370805978775,0.16209587454795837,-0.056888800114393234,-0.018028490245342255,-0.0007699429988861084,0.21495793759822845,0.0814526230096817,-0.06592150777578354,-0.13598310947418213,0.11804753541946411,-0.15593639016151428,-0.11146840453147888,0.03431665524840355,-0.12128357589244843,-0.1736801564693451,-0.20851288735866547,0.03070409595966339,0.42890995740890503,0.09877215325832367,-0.1574764847755432,0.050714027136564255,-0.10023240000009537,-0.011913757771253586,0.1780140995979309,0.10576572269201279,-0.015642546117305756,-0.030742347240447998,-0.02459406480193138,-0.012591943144798279,0.22360387444496155,-0.12916941940784454,0.012725734151899815,0.1550256311893463,0.008560962975025177,0.0380396842956543,0.002178516238927841,0.005318358540534973,-0.06463905423879623,0.06477367877960205,-0.09191955626010895,-0.005330689251422882,0.08194911479949951,-0.033036500215530396,0.021870434284210205,0.12573152780532837,-0.1952747106552124,0.19837430119514465,0.008213169872760773,-0.04417082667350769,0.11294416338205338,-0.009811371564865112,-0.04228327423334122,-0.028946295380592346,0.13268020749092102,-0.20723453164100647,0.19011126458644867,0.10135318338871002,0.06087113916873932,0.08861110359430313,0.03580442816019058,0.11208841949701309,-0.015161126852035522,-0.011577844619750977,-0.25837141275405884,-0.04670918732881546,0.12674948573112488,0.012671850621700287,-0.033065542578697205,-0.04673554375767708
0.04073698818683624,0.013176627457141876,-0.0031630564481019974,0.0120769664645195,-0.07180342078208923,-0.03667261451482773,0.0008690059185028076,-0.1065942794084549,0.16691862046718597,-0.08545174449682236,0.18038108944892883,-0.12066550552845001,-0.14107021689414978,0.012067452073097229,-0.051158610731363297,0.12696415185928345,-0.1570492684841156,-0.054856110364198685,-0.08683505654335022,0.016493864357471466,0.08517273515462875,0.06782881915569305,-0.024450168013572693,0.019218258559703827,-0.07700861245393753,-0.30032411217689514,-0.10025984793901443,-0.14044417440891266,0.06906506419181824,-0.04373311996459961,-0.08646310865879059,0.1153620257973671,-0.12463615834712982,-0.08686981350183487,0.06970854848623276,0.0016561076045036316,-0.053277865052223206,-0.04923791438341141,0.17430821061134338,0.04957806318998337,-0.267133504152298,0.06042216718196869,0.07890099287033081,0.22514265775680542,0.145408034324646,0.05988074466586113,-0.006374018266797066,-0.141454815864563,0.11254560947418213,-0.1796972155570984,0.005171710159629583,0.13953897356987,0.12882864475250244,0.11844539642333984,0.006920315325260162,-0.10381243377923965,0.048466771841049194,0.060571298003196716,-0.15780609846115112,0.031050218269228935,0.1787406951189041,-0.0626981258392334,-0.017894789576530457,-0.012164972722530365,0.2251388430595398,0.07089224457740784,-0.0843416228890419,-0.1276014745235443,0.11111879348754883,-0.14030121266841888,-0.11024877429008484,0.04744124040007591,-0.12805436551570892,-0.16082197427749634,-0.19598105549812317,0.035830333828926086,0.4479829967021942,0.07319089770317078,-0.166933074593544,0.04433182254433632,-0.08593399077653885,-0.0008237063884735107,0.16015584766864777,0.12736713886260986,-0.013636279851198196,-0.02424420416355133,-0.02602275274693966,-0.019452333450317383,0.21635505557060242,-0.11844918131828308,0.02456783689558506,0.14945800602436066,-0.010364450514316559,0.04153931140899658,0.0033935271203517914,-0.00118236243724823,-0.08023843914270401,0.05840902775526047,-0.10935620963573456,-0.022753164172172546,0.0653795599937439,-0.015956509858369827,0.011115461587905884,0.12963971495628357,-0.1839270293712616,0.17455355823040009,0.0034385770559310913,-0.04586132615804672,0.12073731422424316,-0.0016656965017318726,-0.02437179535627365,-0.04432886838912964,0.11471740901470184,-0.20498399436473846,0.19440563023090363,0.09584219753742218,0.06592729687690735,0.09155085682868958,0.03462781012058258,0.11155976355075836,-0.009825706481933594,0.00835120677947998,-0.26359012722969055,-0.055077843368053436,0.1342933177947998,0.012634441256523132,-0.023581698536872864,-0.06521731615066528
0.05024048686027527,0.02305564284324646,0.0021362081170082092,0.008006518706679344,-0.09414981305599213,-0.030548319220542908,-0.00044263526797294617,-0.11153438687324524,0.16440649330615997,-0.09585291147232056,0.19121839106082916,-0.11483126878738403,-0.16031529009342194,0.006097450852394104,-0.05819445103406906,0.1356458216905594,-0.15691302716732025,-0.04518674314022064,-0.0678127110004425,0.018251553177833557,0.09142939001321793,0.06984095275402069,-0.030148103833198547,0.004021838307380676,-0.0807584673166275,-0.3058597445487976,-0.09095768630504608,-0.13094031810760498,0.05945206433534622,-0.046614646911621094,-0.06732785701751709,0.13472075760364532,-0.12848955392837524,-0.07975170761346817,0.061279796063899994,-0.009643808007240295,-0.05065327137708664,-0.04314406216144562,0.17525917291641235,0.06197960674762726,-0.2655896246433258,0.04036235809326172,0.06210442632436752,0.22821563482284546,0.12545424699783325,0.053228601813316345,0.004493195563554764,-0.15915150940418243,0.10425598174333572,-0.18584111332893372,-0.011212974786758423,0.12675407528877258,0.12323883920907974,0.09760461747646332,-0.0001212581992149353,-0.1219567209482193,0.04967215657234192,0.06078118830919266,-0.17282769083976746,0.022200528532266617,0.17026053369045258,-0.06816475838422775,-0.03386538848280907,-0.023908592760562897,0.23715227842330933,0.06233435869216919,-0.0827115848660469,-0.11745316535234451,0.11186783760786057,-0.12919174134731293,-0.1051984429359436,0.05435316264629364,-0.11294214427471161,-0.16657990217208862,-0.20540812611579895,0.019029557704925537,0.44039857387542725,0.08096802234649658,-0.18312865495681763,0.030898120254278183,-0.09422313421964645,0.004753440618515015,0.17794623970985413,0.12233854830265045,-0.010168667882680893,-0.020230308175086975,-0.02640414983034134,-0.02052229642868042,0.20598767697811127,-0.13234645128250122,0.026679664850234985,0.1648145616054535,-0.004819154739379883,0.046540431678295135,-0.008336828090250492,-0.01479434221982956,-0.08774282783269882,0.06304232776165009,-0.10452266782522202,-0.038755252957344055,0.07533035427331924,-0.0192942526191473,0.019411638379096985,0.13766764104366302,-0.20424750447273254,0.1769309788942337,0.003882989287376404,-0.05151115730404854,0.13112540543079376,-0.0257289856672287,-0.023239195346832275,-0.04133008420467377,0.12599916756153107,-0.21622666716575623,0.18335343897342682,0.10071618854999542,0.04771553352475166,0.10681365430355072,0.04371504485607147,0.10452011227607727,-0.02699419856071472,-0.01752641797065735,-0.2716512978076935,-0.044826142489910126,0.14503337442874908,-0.004492327570915222,-0.020244821906089783,-0.08263607323169708
-0.0044264644384384155,0.051702551543712616,-0.01083551999181509,-0.03424034267663956,-0.06727546453475952,-0.04511013627052307,-0.014929540455341339,-0.14990709722042084,0.11785978078842163,-0.08464296162128448,0.17575569450855255,-0.1390695422887802,-0.18040022253990173,-0.06881396472454071,-0.07107831537723541,0.16404694318771362,-0.17852115631103516,-0.08218033611774445,-0.048058461397886276,0.01983661949634552,0.06685203313827515,0.015198270790278912,-0.023127183318138123,-0.0005672648549079895,-0.054531343281269073,-0.3125467896461487,-0.12634237110614777,-0.11612643301486969,0.022915951907634735,-0.04748077690601349,-0.05084751546382904,0.08411923795938492,-0.11273232102394104,-0.08951182663440704,0.05158398300409317,0.010746806859970093,-0.02643755078315735,-0.08292915672063828,0.14340215921401978,0.00861328188329935,-0.22144398093223572,0.05583813786506653,0.08045385777950287,0.2361394762992859,0.14755955338478088,0.05204644054174423,0.025257568806409836,-0.17327076196670532,0.13567543029785156,-0.16237294673919678,0.004827192518860102,0.09040172398090363,0.09738423675298691,0.07958295941352844,0.011523060500621796,-0.08850377053022385,0.05480003356933594,0.06297514587640762,-0.19349654018878937,0.0306203905493021,0.14917424321174622,-0.033729635179042816,-0.04715273901820183,-0.06394827365875244,0.21742995083332062,0.07638007402420044,-0.11065606772899628,-0.14548693597316742,0.14462171494960785,-0.146174356341362,-0.09291128814220428,0.0344371423125267,-0.11084756255149841,-0.1744169294834137,-0.23441694676876068,0.0105743408203125,0.41220319271087646,0.1023692935705185,-0.16405540704727173,0.041764259338378906,-0.07336293160915375,-0.0008380226790904999,0.15836572647094727,0.14230236411094666,0.0006138943135738373,0.0051147788763046265,-0.031243937090039253,-0.02887536585330963,0.21750247478485107,-0.10745851695537567,-0.029693065211176872,0.18378546833992004,-0.011826399713754654,0.05199361592531204,0.011899735778570175,0.021071061491966248,-0.05180509388446808,0.06449450552463531,-0.10100497305393219,-0.009327627718448639,0.0906493067741394,-0.05664408951997757,0.004256144165992737,0.1158614307641983,-0.15010173618793488,0.17298339307308197,0.006223924458026886,0.021153289824724197,0.08352179825305939,-0.03643867373466492,-0.03923560306429863,-0.012446433305740356,0.13512936234474182,-0.24143771827220917,0.18015849590301514,0.1252412647008896,0.05965765565633774,0.08873974531888962,0.054928816854953766,0.09189415723085403,4.291534423828125e-05,-0.03844712674617767,-0.246567502617836,-0.058599308133125305,0.11434688419103622,0.003789171576499939,0.021094858646392822,-0.02542925626039505
0.009350903332233429,0.028282642364501953,-0.03730844333767891,-0.020006850361824036,-0.06971714645624161,-0.048399537801742554,-0.010738272219896317,-0.13782662153244019,0.1582964062690735,-0.06332585960626602,0.18036243319511414,-0.10538986325263977,-0.14629679918289185,-0.061443012207746506,-0.06879296898841858,0.15597088634967804,-0.15693360567092896,-0.08579694479703903,-0.06693055480718613,0.023170530796051025,0.0686485767364502,0.033821653574705124,-0.02004377916455269,0.021597720682621002,-0.06485150009393692,-0.2897261381149292,-0.10145910084247589,-0.13572925329208374,0.03186191990971565,-0.054641976952552795,-0.07640141993761063,0.1064445823431015,-0.13457505404949188,-0.09892109036445618,0.08531856536865234,0.03185788542032242,-0.0435277596116066,-0.06564707309007645,0.1578056961297989,0.013680295087397099,-0.25911974906921387,0.054553598165512085,0.09778153896331787,0.20947441458702087,0.14916303753852844,0.06519930064678192,0.010743322782218456,-0.18641942739486694,0.1505984514951706,-0.16557960212230682,0.008131583221256733,0.11734750866889954,0.12230408936738968,0.08010052144527435,0.01198749989271164,-0.11494430899620056,0.06298336386680603,0.035026971250772476,-0.17895369231700897,0.020784107968211174,0.14627745747566223,-0.04472265765070915,-0.038410529494285583,-0.03980846703052521,0.21633556485176086,0.06846246123313904,-0.10228704661130905,-0.14058464765548706,0.13743993639945984,-0.15804383158683777,-0.1001022607088089,0.06886427104473114,-0.10981551557779312,-0.1909220814704895,-0.25151515007019043,-0.0021183639764785767,0.44218844175338745,0.08553741872310638,-0.1653907299041748,0.055043287575244904,-0.08272452652454376,0.0005126446485519409,0.14312994480133057,0.14087943732738495,-0.018299199640750885,0.0029333382844924927,-0.04970736429095268,-0.044846370816230774,0.24918106198310852,-0.11137344688177109,-0.010517187416553497,0.16019582748413086,-0.008245229721069336,0.06584729999303818,0.0006524844211526215,0.03348493576049805,-0.054319076240062714,0.050293777137994766,-0.09669304639101028,-0.017746947705745697,0.07438869774341583,-0.039154600352048874,0.0017351806163787842,0.128919318318367,-0.17405013740062714,0.14776191115379333,0.005361668765544891,-0.0062447525560855865,0.08433354645967484,-0.014660239219665527,-0.034379299730062485,-0.04327110946178436,0.11234810948371887,-0.23199395835399628,0.20351198315620422,0.11141258478164673,0.06518454104661942,0.0895174890756607,0.05375063046813011,0.10230030864477158,-0.01029716432094574,-0.03572256863117218,-0.2432239055633545,-0.06715614348649979,0.11137372255325317,0.005468502640724182,0.011661440134048462,-0.034294161945581436
0.011743597686290741,0.03274746984243393,-0.035842012614011765,-0.03753361105918884,-0.08908649533987045,-0.03432834893465042,0.004752147942781448,-0.12812231481075287,0.11216452717781067,-0.11850572377443314,0.15401984751224518,-0.14303681254386902,-0.1742122769355774,-0.045343562960624695,-0.05806754156947136,0.12499523162841797,-0.16752499341964722,-0.050296343863010406,-0.07401271164417267,0.005331382155418396,0.10321727395057678,0.043085962533950806,-0.04837830737233162,-0.013224788010120392,-0.05494122952222824,-0.3310130834579468,-0.11043878644704819,-0.11722279340028763,0.03339674323797226,-0.05097298324108124,-0.04671653360128403,0.08776935935020447,-0.13433080911636353,-0.07003245502710342,0.0359751358628273,-0.016780953854322433,-0.035646021366119385,-0.0484485849738121,0.14478716254234314,0.045102156698703766,-0.21531294286251068,0.02745276689529419,0.06490804255008698,0.22375744581222534,0.14358168840408325,0.06302981823682785,0.005698204040527344,-0.1478882133960724,0.12035617232322693,-0.17018692195415497,0.029564671218395233,0.08955468237400055,0.12916839122772217,0.07753290235996246,0.022199787199497223,-0.09470244497060776,0.041212111711502075,0.04520393908023834,-0.22084155678749084,0.05152725800871849,0.15357136726379395,-0.05099719390273094,-0.07720262557268143,-0.03135082870721817,0.21373045444488525,0.09340108186006546,-0.10173489153385162,-0.14171457290649414,0.15357816219329834,-0.1736694872379303,-0.08029516041278839,0.022836480289697647,-0.0930885374546051,-0.18029117584228516,-0.2169153094291687,0.02252618968486786,0.40400660037994385,0.12304649502038956,-0.19140732288360596,-0.016768578439950943,-0.06569641083478928,-0.010853812098503113,0.22380417585372925,0.1282535195350647,0.005527529865503311,-0.02915516495704651,-0.01684560626745224,0.0020090043544769287,0.19582805037498474,-0.11518864333629608,-0.05196688324213028,0.1864406317472458,-0.007180362939834595,0.02702808380126953,-0.005087907426059246,0.0014059245586395264,-0.06542380899190903,0.058381494134664536,-0.09455376118421555,-0.004571437835693359,0.0976964458823204,-0.05394529178738594,-0.014489889144897461,0.1378522515296936,-0.1338888257741928,0.17990373075008392,-0.008368611335754395,-0.025275427848100662,0.07110625505447388,-0.06742243468761444,-0.0715254619717598,-0.02321852743625641,0.12005943804979324,-0.21318867802619934,0.18039873242378235,0.11541980504989624,0.0359736904501915,0.10352510213851929,0.03282023221254349,0.0770331546664238,0.033329933881759644,-0.04973030090332031,-0.2748171091079712,-0.06707902252674103,0.122613325715065,0.011115126311779022,0.0034048259258270264,-0.0643550232052803
0.036341823637485504,-0.0053987056016922,-0.00802910327911377,-0.031755413860082626,-0.10306698828935623,-0.05518580973148346,-0.012511536478996277,-0.13265171647071838,0.11992356181144714,-0.11152011901140213,0.2181815207004547,-0.095279261469841,-0.17192967236042023,-0.017714843153953552,-0.045791078358888626,0.1356237381696701,-0.15621483325958252,-0.046820152550935745,-0.10006270557641983,0.023054592311382294,0.06708415597677231,0.06161177530884743,-0.01615842431783676,-0.0065168291330337524,-0.09417450428009033,-0.3407519459724426,-0.13053466379642487,-0.10926753282546997,0.023213142529129982,-0.02781948447227478,-0.05460778623819351,0.09581725299358368,-0.1407787948846817,-0.07517164945602417,0.07492801547050476,-0.01545482873916626,-0.0767257884144783,-0.040368273854255676,0.17323043942451477,0.09184236079454422,-0.26182758808135986,0.07092991471290588,0.05159261077642441,0.24374717473983765,0.15556585788726807,0.056561216711997986,0.031482942402362823,-0.17782363295555115,0.10496097058057785,-0.2033223658800125,0.04861447215080261,0.10829219222068787,0.1633949875831604,0.09460179507732391,0.008412495255470276,-0.09306052327156067,0.07264238595962524,0.05950907617807388,-0.2461751252412796,0.049376796931028366,0.17247892916202545,-0.06412152200937271,-0.03936069458723068,-0.013600625097751617,0.20711427927017212,0.10522259771823883,-0.12089774757623672,-0.12817056477069855,0.11509449034929276,-0.17087140679359436,-0.08643288910388947,0.051923785358667374,-0.10897280275821686,-0.21840909123420715,-0.2575361132621765,0.0117739737033844,0.47295665740966797,0.13244321942329407,-0.22030670940876007,-0.02706221118569374,-0.08649805188179016,-0.019200623035430908,0.19375377893447876,0.13206779956817627,-0.011603381484746933,-0.028271466493606567,-0.03367667645215988,0.013930067420005798,0.20521306991577148,-0.1292237937450409,-0.030319618061184883,0.2142365276813507,0.019803285598754883,0.049546562135219574,0.016039779409766197,0.047297000885009766,-0.08951736986637115,0.03826509788632393,-0.08348952978849411,-0.015447311103343964,0.05293065682053566,-0.03526545315980911,0.020765379071235657,0.12236414104700089,-0.16179043054580688,0.2517506778240204,-0.008471980690956116,-0.05173860490322113,0.08265029639005661,-0.04281395673751831,-0.025814004242420197,-0.05069468915462494,0.10701994597911835,-0.23058871924877167,0.17701679468154907,0.1266283392906189,0.044532112777233124,0.12297175824642181,0.022730059921741486,0.0782308503985405,-0.033496588468551636,-0.03719332814216614,-0.2564418613910675,-0.059610381722450256,0.08754324913024902,0.006510823965072632,0.042260363698005676,-0.05818238854408264
-0.031350500881671906,0.0053541213274002075,0.0017375163733959198,-0.031270939856767654,-0.06275860965251923,-0.03129813075065613,0.017514172941446304,-0.16494669020175934,0.14707890152931213,-0.13594593107700348,0.16594040393829346,-0.11176662147045135,-0.14720353484153748,-0.04964065179228783,-0.05247700959444046,0.13105259835720062,-0.15680527687072754,-0.09338939934968948,-0.06472588330507278,0.010460734367370605,0.08977514505386353,0.022484980523586273,-0.04760514572262764,-0.0008036419749259949,-0.08455352485179901,-0.29092028737068176,-0.12460143864154816,-0.11239926517009735,0.03231858089566231,-0.0282725989818573,-0.03179069980978966,0.07143760472536087,-0.11575943231582642,-0.0450407937169075,0.03541887551546097,0.03261905163526535,-0.03501433879137039,-0.07072128355503082,0.1646600365638733,0.0029800832271575928,-0.2361127734184265,0.019302740693092346,0.07523402571678162,0.1948755979537964,0.09989745914936066,0.04584578424692154,0.0038385363295674324,-0.16537249088287354,0.1690445989370346,-0.1620393544435501,0.028899963945150375,0.1121901273727417,0.11352785676717758,0.08785492181777954,0.027431316673755646,-0.0826672688126564,0.05875256657600403,0.09152239561080933,-0.19576497375965118,0.058839377015829086,0.15329362452030182,-0.05630630999803543,-0.06596829742193222,-0.0471465140581131,0.19961267709732056,0.11239451915025711,-0.10862565040588379,-0.14267775416374207,0.16385561227798462,-0.14067894220352173,-0.10449055582284927,0.029672928154468536,-0.11806419491767883,-0.1834157109260559,-0.20592546463012695,0.021000072360038757,0.43993693590164185,0.10251713544130325,-0.1684693694114685,0.01609019935131073,-0.06951213628053665,0.0023308061063289642,0.188924640417099,0.14915084838867188,0.00016254931688308716,-0.023081853985786438,-0.02640380896627903,-0.02482771873474121,0.21081307530403137,-0.08265706151723862,-0.017149459570646286,0.16961261630058289,-0.0011185258626937866,0.048899829387664795,-0.017287394031882286,0.0015227198600769043,-0.06732189655303955,0.06569176912307739,-0.08716100454330444,-0.014869242906570435,0.09240411221981049,-0.015573563985526562,0.01373244822025299,0.12604621052742004,-0.13158674538135529,0.1990872025489807,0.010296627879142761,0.00999685749411583,0.1081370860338211,-0.02344517409801483,-0.04627460986375809,-0.03199765086174011,0.10230395197868347,-0.20776252448558807,0.17972230911254883,0.08877618610858917,0.04279405623674393,0.1004258543252945,0.045579977333545685,0.11956808716058731,0.016705133020877838,-0.01855790615081787,-0.27574872970581055,-0.05275756120681763,0.12166790664196014,0.00015609711408615112,0.0022384673357009888,-0.04035424068570137
0.02553941309452057,0.0436675101518631,-0.016197867691516876,-0.017301440238952637,-0.10953273624181747,-0.052168458700180054,0.000563744455575943,-0.11974018812179565,0.1146964430809021,-0.0916847363114357,0.16732782125473022,-0.13036414980888367,-0.143562912940979,0.00599285215139389,-0.05129445716738701,0.12215632945299149,-0.1636514961719513,-0.03465284779667854,-0.08530592173337936,0.04162135720252991,0.07262242585420609,0.05392199009656906,-0.038434948772192,0.01908283680677414,-0.05356753617525101,-0.29804229736328125,-0.12370969355106354,-0.11046954244375229,0.06672380864620209,-0.07224208116531372,-0.06737940013408661,0.10741027444601059,-0.12144240736961365,-0.10427439212799072,0.06382588297128677,-0.00968383252620697,-0.030338838696479797,-0.06601521372795105,0.15078212320804596,0.04505761340260506,-0.2582422196865082,0.0655336081981659,0.04828079044818878,0.24479389190673828,0.15927210450172424,0.045138437300920486,-0.001378929242491722,-0.17858193814754486,0.13021151721477509,-0.18262197077274323,0.014703435823321342,0.0998818427324295,0.08182813227176666,0.10814885050058365,-0.023262150585651398,-0.09979353845119476,0.05391409993171692,0.07196265459060669,-0.19073933362960815,0.02865981124341488,0.1658816784620285,-0.05490972101688385,-0.02573017030954361,-0.029602840542793274,0.21636387705802917,0.08530187606811523,-0.09532369673252106,-0.14762866497039795,0.12756244838237762,-0.14941301941871643,-0.09282556176185608,0.04154922813177109,-0.10419846326112747,-0.1651812642812729,-0.20173287391662598,0.04671335220336914,0.45164138078689575,0.10637172311544418,-0.19733260571956635,0.01268945261836052,-0.12277643382549286,-0.005963046103715897,0.189790740609169,0.12898752093315125,0.007649082690477371,-0.035487934947013855,-0.014131253585219383,-0.011838361620903015,0.2318876087665558,-0.12193223088979721,-0.014984749257564545,0.18387432396411896,0.003673255443572998,0.038113780319690704,0.03045783005654812,0.027584344148635864,-0.0813799723982811,0.056729234755039215,-0.11554974317550659,-0.025652721524238586,0.09788535535335541,-0.05876515060663223,-0.0019647926092147827,0.16351978480815887,-0.18083861470222473,0.21791839599609375,0.015333309769630432,-0.02512514591217041,0.12384608387947083,-0.0364408940076828,-0.0348111055791378,-0.036963120102882385,0.13895753026008606,-0.21829301118850708,0.21367834508419037,0.10804680734872818,0.058329738676548004,0.10580401867628098,0.045253410935401917,0.10891874879598618,0.0017586201429367065,-0.02824610471725464,-0.23714126646518707,-0.053197115659713745,0.15186865627765656,0.0264589861035347,-0.009723499417304993,-0.07125114649534225
0.03399800509214401,0.01628139615058899,-0.006358213257044554,-0.03416701778769493,-0.11007458716630936,-0.0608254075050354,-0.036313969641923904,-0.11715897917747498,0.08468110114336014,-0.0833456888794899,0.21887236833572388,-0.1011124849319458,-0.19007079303264618,-0.03578643128275871,-0.08474573493003845,0.14052622020244598,-0.14178231358528137,-0.0544947050511837,-0.11357367038726807,0.04298664629459381,0.04348252713680267,0.04335121810436249,-0.017509639263153076,-0.004936404526233673,-0.08795351535081863,-0.28351861238479614,-0.11301122605800629,-0.10438217222690582,0.027239330112934113,-0.04141315817832947,-0.0879841223359108,0.10260818898677826,-0.11490584909915924,-0.11240251362323761,0.07338487356901169,-0.018280494958162308,-0.026715368032455444,-0.0452791228890419,0.1715792417526245,0.06684117019176483,-0.2620047330856323,0.10984449088573456,0.05759287625551224,0.2534520924091339,0.17633238434791565,0.029167667031288147,0.0443447045981884,-0.1876475065946579,0.11568453907966614,-0.2013634741306305,0.07710111141204834,0.08807004988193512,0.16623321175575256,0.06944327056407928,0.007643476128578186,-0.09910950809717178,0.05172953009605408,0.09380016475915909,-0.20168925821781158,0.04423300176858902,0.16027340292930603,-0.015088513493537903,-0.03728438541293144,-0.028658807277679443,0.1792842596769333,0.07395610958337784,-0.11584767699241638,-0.13381950557231903,0.1275346726179123,-0.15066957473754883,-0.07586557418107986,0.06601359695196152,-0.1122497171163559,-0.18008969724178314,-0.2629823684692383,0.04302491247653961,0.45423585176467896,0.09981290251016617,-0.2245597243309021,0.008021917194128036,-0.07504072040319443,-0.031582050025463104,0.1708574891090393,0.11590506881475449,-0.014829754829406738,-0.035218410193920135,-0.019932273775339127,-0.007103368639945984,0.22281339764595032,-0.11865843087434769,-0.022531278431415558,0.20541049540042877,0.04863402619957924,0.019424155354499817,0.054689981043338776,0.05737937241792679,-0.049050360918045044,0.028962913900613785,-0.09362291544675827,0.024192988872528076,0.06637971848249435,-0.07775036990642548,-0.009927988052368164,0.1091693788766861,-0.15940505266189575,0.1840544492006302,-0.0014383792877197266,-0.03268365561962128,0.09718891233205795,-0.04557788372039795,-0.026184484362602234,-0.06500910222530365,0.13435927033424377,-0.23284639418125153,0.1543191820383072,0.12083245068788528,0.07110527157783508,0.08129115402698517,0.05295059084892273,0.07194183766841888,0.00902402400970459,-0.014786511659622192,-0.21697548031806946,-0.06493759155273438,0.1221861019730568,-0.019238680601119995,0.026950150728225708,-0.03391948342323303
-0.014974132180213928,0.043112047016620636,-0.020924821496009827,-0.030770039185881615,-0.09760337322950363,-0.03443992882966995,-0.0022909976541996002,-0.10238587111234665,0.1249539777636528,-0.10942746698856354,0.18841907382011414,-0.1409364491701126,-0.1849675327539444,0.01525859534740448,-0.05393096059560776,0.13602590560913086,-0.13341641426086426,-0.018540285527706146,-0.08054628223180771,0.04617489129304886,0.11360880732536316,0.0063086459413170815,-0.054076697677373886,0.01019752025604248,-0.06569147109985352,-0.2908794581890106,-0.10856322944164276,-0.07182759791612625,0.02268795855343342,-0.09396196901798248,-0.07950825989246368,0.0997471958398819,-0.11238903552293777,-0.08607298880815506,0.029645316302776337,0.01848151907324791,-0.0534549281001091,-0.02270340919494629,0.15946251153945923,0.038005851209163666,-0.240853950381279,0.010591909289360046,0.04740963876247406,0.2103567123413086,0.13314706087112427,0.08179540932178497,0.011744322255253792,-0.16221819818019867,0.09527897834777832,-0.18900930881500244,0.03250795230269432,0.09776942431926727,0.11913592368364334,0.1154884621500969,-0.023252353072166443,-0.1037411019206047,0.026892781257629395,0.11561767756938934,-0.1745157390832901,0.0424879714846611,0.16566233336925507,-0.06751219928264618,-0.03073120303452015,-0.02446095645427704,0.22710654139518738,0.10521039366722107,-0.09637263417243958,-0.12310484796762466,0.1649177521467209,-0.1252642571926117,-0.09702218323945999,0.020071903243660927,-0.0962335541844368,-0.20141512155532837,-0.20403854548931122,0.03675651550292969,0.3984854221343994,0.11444609612226486,-0.15933004021644592,-0.016292765736579895,-0.10452453047037125,-0.02267972007393837,0.1867520958185196,0.09911156445741653,0.004141438752412796,-0.04778565466403961,0.0065199099481105804,0.003359690308570862,0.22659167647361755,-0.12018290162086487,0.008645492605865002,0.17559653520584106,0.01478896290063858,0.04957620054483414,-0.022701183333992958,0.002956286072731018,-0.046127744019031525,0.08484888821840286,-0.09617887437343597,0.0020205453038215637,0.057607501745224,-0.06184310466051102,0.022483453154563904,0.148550882935524,-0.1759849637746811,0.17971311509609222,0.01868318021297455,-0.0072697363793849945,0.10090342164039612,-0.011075705289840698,-0.06316014379262924,-0.05897007882595062,0.12409007549285889,-0.2218025028705597,0.18708471953868866,0.14559942483901978,0.06155138835310936,0.08376342058181763,0.056797198951244354,0.11005515605211258,0.07194414734840393,-0.03916596621274948,-0.270121693611145,-0.015661196783185005,0.15844126045703888,0.020665206015110016,-0.02524992823600769,-0.03600960224866867
-0.0037353932857513428,0.060327526181936264,-0.0341314971446991,-0.027535825967788696,-0.11105139553546906,-0.052314892411231995,-0.011261235922574997,-0.10121805965900421,0.159977525472641,-0.1112234815955162,0.20570942759513855,-0.11134228110313416,-0.19118785858154297,0.016937874257564545,-0.03813933953642845,0.1381993293762207,-0.13012614846229553,-0.04739513248205185,-0.08303255587816238,0.02748015522956848,0.10253673046827316,0.015469237230718136,-0.05029541626572609,0.027652770280838013,-0.08695044368505478,-0.32086271047592163,-0.10252600163221359,-0.11325372755527496,0.013185109943151474,-0.09282810986042023,-0.08527807891368866,0.13010579347610474,-0.09973575174808502,-0.10573740303516388,0.05561141297221184,0.029632944613695145,-0.029965840280056,-0.01879177987575531,0.1514737606048584,0.03566291183233261,-0.2604691982269287,0.006010472774505615,0.06769999116659164,0.2377181053161621,0.1077076643705368,0.08275984972715378,0.03371569514274597,-0.14309199154376984,0.09448800981044769,-0.18171046674251556,0.024922575801610947,0.09607896208763123,0.1154145896434784,0.10232885181903839,0.0008253306150436401,-0.10707958787679672,0.04355686902999878,0.09175345301628113,-0.2067970335483551,0.017759455367922783,0.18193025887012482,-0.05658816546201706,-0.06896141171455383,-0.012627013027668,0.24442140758037567,0.1307554394006729,-0.07915139943361282,-0.12070543318986893,0.15804187953472137,-0.1422780305147171,-0.1060701310634613,0.030847961083054543,-0.11953641474246979,-0.19352227449417114,-0.17766208946704865,0.03183707594871521,0.40302765369415283,0.10683999955654144,-0.14524419605731964,2.419203519821167e-05,-0.07458193600177765,-0.01408325880765915,0.17839691042900085,0.07807281613349915,-0.008091576397418976,-0.023609772324562073,-0.007649116218090057,0.030748695135116577,0.232667475938797,-0.11645185947418213,0.03360148146748543,0.16650815308094025,0.015415526926517487,0.026393689215183258,-0.004915893077850342,0.019861720502376556,-0.059353798627853394,0.07704217731952667,-0.11638373881578445,-0.008097454905509949,0.10148784518241882,-0.03709857910871506,0.011072918772697449,0.13126879930496216,-0.19460266828536987,0.13906458020210266,0.001592397689819336,-0.03276146203279495,0.10104444622993469,-0.004483863711357117,-0.04650771990418434,-0.08486060798168182,0.12233936786651611,-0.19893603026866913,0.181625634431839,0.14386729896068573,0.04387710988521576,0.07543928921222687,0.024259455502033234,0.07917908579111099,0.060059718787670135,-0.06206941604614258,-0.2758839726448059,-0.04106130450963974,0.16951681673526764,0.009338423609733582,-0.04004982113838196,-0.07291439175605774
0.014012999832630157,0.05679226666688919,-0.021041471511125565,-0.009113122709095478,-0.11925620585680008,-0.054448775947093964,0.01910477504134178,-0.11424560844898224,0.14359962940216064,-0.09669511020183563,0.20398816466331482,-0.12610691785812378,-0.19520416855812073,-0.010116472840309143,-0.02848302200436592,0.13992035388946533,-0.1512545943260193,-0.03846493735909462,-0.09134961664676666,0.05084574967622757,0.10625237226486206,0.02592010423541069,-0.01648537814617157,0.028993822634220123,-0.07539381086826324,-0.3487248420715332,-0.10117307305335999,-0.11687851697206497,0.0338456891477108,-0.07337549328804016,-0.08661417663097382,0.11576693505048752,-0.10736064612865448,-0.12331309169530869,0.043401025235652924,-0.007721595466136932,-0.03650149703025818,-0.0494648814201355,0.14974932372570038,0.04328491538763046,-0.2822032570838928,0.0407099723815918,0.033962786197662354,0.23860329389572144,0.10266103595495224,0.061248186975717545,0.036135390400886536,-0.14212773740291595,0.10126928985118866,-0.19209471344947815,0.02826286479830742,0.08718820661306381,0.10834452509880066,0.08248362690210342,-0.010193847119808197,-0.09546667337417603,0.03856027126312256,0.07571908086538315,-0.2129334658384323,0.00977913849055767,0.1803029179573059,-0.04004473239183426,-0.04856275022029877,-0.02005608379840851,0.2035665363073349,0.12199717015028,-0.08308833092451096,-0.12312739342451096,0.10306164622306824,-0.14575479924678802,-0.0998675674200058,0.02336479164659977,-0.12049839645624161,-0.1881411075592041,-0.2022167295217514,0.029904738068580627,0.43028518557548523,0.10405991971492767,-0.18739573657512665,-0.026463434100151062,-0.09086932241916656,0.005435049533843994,0.20747140049934387,0.11608532816171646,0.0219181627035141,-0.013444662094116211,-0.03135187178850174,0.015318959951400757,0.19417305290699005,-0.14038746058940887,-0.011123154312372208,0.19690187275409698,0.03272480145096779,0.048815034329891205,0.006422823294997215,0.023467108607292175,-0.06730669736862183,0.07972607761621475,-0.10858399420976639,0.0032920390367507935,0.10204780846834183,-0.0024306122213602066,-0.004232838749885559,0.11966574192047119,-0.16625508666038513,0.1780851185321808,0.016074538230895996,-0.01949598640203476,0.11575732380151749,-0.028012707829475403,-0.04298361390829086,-0.07914747297763824,0.09601619094610214,-0.19931340217590332,0.17111842334270477,0.14226442575454712,0.033101312816143036,0.08906400948762894,0.023135006427764893,0.05597839504480362,0.04354393482208252,-0.03997042775154114,-0.26693540811538696,-0.04531252756714821,0.17972590029239655,0.015779606997966766,-0.031582653522491455,-0.08778977394104004
0.026272565126419067,0.03035331517457962,-0.013741045258939266,-0.021495264023542404,-0.09139972925186157,-0.05027267336845398,0.02858978882431984,-0.12319014966487885,0.12399867177009583,-0.12006620317697525,0.1670094132423401,-0.14398609101772308,-0.16590453684329987,0.005880251526832581,-0.03690240904688835,0.11756565421819687,-0.1323576718568802,-0.05035329982638359,-0.0799751952290535,0.03887511044740677,0.10638376325368881,0.0339893214404583,-0.03890274092555046,0.028840400278568268,-0.06955735385417938,-0.31281816959381104,-0.11977219581604004,-0.10234557837247849,0.0333322137594223,-0.05924601852893829,-0.044516466557979584,0.10272429883480072,-0.1405772566795349,-0.078175388276577,0.0379735603928566,-0.018774371594190598,-0.055953189730644226,-0.03832032531499863,0.15904101729393005,0.058549538254737854,-0.268707811832428,0.029630020260810852,0.04770563915371895,0.23200348019599915,0.10551746189594269,0.057416412979364395,0.009738176129758358,-0.15133748948574066,0.10009739547967911,-0.17245283722877502,0.05640958249568939,0.0950697511434555,0.1063869297504425,0.10293763130903244,-0.00610882043838501,-0.08378808200359344,0.033939361572265625,0.06935399770736694,-0.19347843527793884,0.05232514813542366,0.19047966599464417,-0.060872092843055725,-0.0646357461810112,-0.042201630771160126,0.1976783722639084,0.09957605600357056,-0.08541643619537354,-0.1478128582239151,0.14736708998680115,-0.1569923609495163,-0.11232244223356247,0.03238129988312721,-0.09206128120422363,-0.16901548206806183,-0.20544028282165527,0.03508886694908142,0.3969990611076355,0.11261650174856186,-0.17806397378444672,-0.009669620543718338,-0.10180546343326569,0.013926133513450623,0.19605958461761475,0.11402607709169388,0.024075645953416824,-0.010348543524742126,-0.001686587929725647,0.00274716317653656,0.20030970871448517,-0.12105271965265274,-0.02580619417130947,0.18917208909988403,0.002298116683959961,0.02278973162174225,0.002039974555373192,-0.001460835337638855,-0.06723908334970474,0.06470645219087601,-0.12592573463916779,-0.012467652559280396,0.08027729392051697,-0.022024665027856827,-0.007417425513267517,0.13710883259773254,-0.1785203069448471,0.21371449530124664,0.017906352877616882,-0.03130004554986954,0.11005229502916336,-0.011712640523910522,-0.08469296991825104,-0.054399460554122925,0.10489995032548904,-0.21437883377075195,0.190340057015419,0.1056186854839325,0.06381069868803024,0.08386368304491043,0.048262424767017365,0.0883415937423706,0.036196671426296234,-0.04991873353719711,-0.27905070781707764,-0.05327567458152771,0.17127364873886108,0.031895607709884644,-0.02491612732410431,-0.06279393285512924
0.008829772472381592,0.03542391210794449,-0.04029923304915428,-0.01741786301136017,-0.11422492563724518,-0.06623955816030502,0.01985553652048111,-0.10085510462522507,0.13893908262252808,-0.08216279745101929,0.19143146276474,-0.14336144924163818,-0.17422935366630554,0.011411592364311218,-0.05170689523220062,0.12257062643766403,-0.16093391180038452,-0.03156384080648422,-0.0865117684006691,0.06272277981042862,0.1256399154663086,0.04931923747062683,-0.029677756130695343,0.039548568427562714,-0.06258195638656616,-0.3189825415611267,-0.10807184129953384,-0.11191149055957794,0.045201197266578674,-0.07081486284732819,-0.07003310322761536,0.1098458543419838,-0.11779668182134628,-0.11758062243461609,0.050408169627189636,-0.011470433324575424,-0.04816269129514694,-0.055093489587306976,0.1599685102701187,0.04874662309885025,-0.28793343901634216,0.03863412141799927,0.05303977429866791,0.22885389626026154,0.11895798146724701,0.07096458971500397,-0.003838268108665943,-0.14003817737102509,0.09196460247039795,-0.19792631268501282,0.018947288393974304,0.10719075798988342,0.1212441623210907,0.08680927753448486,-0.016657009720802307,-0.08813309669494629,0.03428348898887634,0.08431366831064224,-0.19937624037265778,0.007660599425435066,0.1765856295824051,-0.06242828443646431,-0.02977570705115795,-0.037507906556129456,0.20298883318901062,0.09526081383228302,-0.08884351700544357,-0.11501764506101608,0.12286091595888138,-0.14832176268100739,-0.11167093366384506,0.03670559823513031,-0.09400387853384018,-0.18734440207481384,-0.1854672133922577,0.02371242642402649,0.4175577759742737,0.09685829281806946,-0.17240631580352783,-0.00010466203093528748,-0.1062489002943039,-4.9345195293426514e-05,0.18173104524612427,0.10721119493246078,0.027222510427236557,-0.03132885694503784,-0.032141365110874176,-0.014647573232650757,0.20184120535850525,-0.139626145362854,0.009306056424975395,0.19021287560462952,0.018893159925937653,0.04177507758140564,0.009269842877984047,0.01129789650440216,-0.06656096130609512,0.07545013725757599,-0.09585107862949371,0.006950296461582184,0.08241993933916092,-0.022290632128715515,-0.008637845516204834,0.12538689374923706,-0.16791020333766937,0.177647203207016,0.02153369039297104,-0.03225269913673401,0.1198207288980484,-0.0357176810503006,-0.03693012893199921,-0.06875781714916229,0.10045206546783447,-0.21118871867656708,0.1848086267709732,0.11323978751897812,0.041037023067474365,0.10124900192022324,0.028803594410419464,0.08001679182052612,0.029341772198677063,-0.043104127049446106,-0.28008055686950684,-0.054953329265117645,0.17444567382335663,0.016074202954769135,-0.03192548453807831,-0.07781355082988739
0.005584046244621277,0.04333380609750748,0.003828650340437889,-0.042402058839797974,-0.08585414290428162,-0.032372280955314636,0.02800637297332287,-0.13134172558784485,0.1732369065284729,-0.1184113398194313,0.17658138275146484,-0.12278871238231659,-0.17335984110832214,-0.008517671376466751,-0.05063152313232422,0.1454271674156189,-0.16819995641708374,-0.049145687371492386,-0.07152032107114792,0.01330634206533432,0.0992317646741867,0.06030765920877457,-0.0458870567381382,0.014009900391101837,-0.054900191724300385,-0.2799011468887329,-0.10820520669221878,-0.09751107543706894,0.026130108162760735,-0.04366980493068695,-0.061562202870845795,0.10661499947309494,-0.13448601961135864,-0.08134578913450241,0.04016327112913132,0.02069190889596939,-0.07629387080669403,-0.05041069537401199,0.1565568596124649,0.02120458520948887,-0.24015049636363983,0.03664317727088928,0.07220834493637085,0.2008872628211975,0.1206836849451065,0.05148972570896149,-0.010556497611105442,-0.18777091801166534,0.14691291749477386,-0.18077123165130615,-0.002682174788787961,0.1271841675043106,0.11834856867790222,0.09915138781070709,0.007290653884410858,-0.10641331970691681,0.04599982500076294,0.078203946352005,-0.17228350043296814,0.03605392575263977,0.16175413131713867,-0.10004604607820511,-0.04317164793610573,-0.04933547228574753,0.22457613050937653,0.08253086358308792,-0.1024983674287796,-0.12958653271198273,0.13760270178318024,-0.12873639166355133,-0.11515744775533676,0.03792164474725723,-0.10528630763292313,-0.17168623208999634,-0.223222017288208,0.023868873715400696,0.42920416593551636,0.06949755549430847,-0.16626811027526855,0.033367931842803955,-0.0960337370634079,0.002177424728870392,0.17159301042556763,0.1510605365037918,-0.017537612468004227,-0.0237419456243515,-0.030268311500549316,-0.011901810765266418,0.2135961502790451,-0.1372714340686798,0.01084413006901741,0.177316814661026,-0.0015976056456565857,0.07177373766899109,-0.012925298884510994,-0.004568114876747131,-0.0760146901011467,0.06012093648314476,-0.10080427676439285,-0.007441915571689606,0.07938137650489807,-0.05699048936367035,-0.0010550916194915771,0.13332781195640564,-0.1702614575624466,0.1810632348060608,0.012296102941036224,-0.017388448119163513,0.10623820126056671,-0.04172466695308685,-0.04497424140572548,-0.040056660771369934,0.11894580721855164,-0.21784773468971252,0.20030373334884644,0.09157320857048035,0.02192406915128231,0.11043508350849152,0.049712955951690674,0.13337107002735138,-0.007745236158370972,-0.026429980993270874,-0.26201653480529785,-0.041151463985443115,0.16174162924289703,0.019441179931163788,-0.0021087825298309326,-0.05418252572417259
0.02919413149356842,0.0607791468501091,0.00031563080847263336,-0.00010522641241550446,-0.11358953267335892,-0.039078086614608765,-0.008679002523422241,-0.11574990302324295,0.12163498997688293,-0.0965847298502922,0.16878008842468262,-0.11742211878299713,-0.1725827306509018,0.025224369019269943,-0.031662337481975555,0.14282307028770447,-0.15550053119659424,-0.027740079909563065,-0.07125090807676315,0.04741041362285614,0.06101831793785095,0.08040986955165863,-0.037752121686935425,0.029375530779361725,-0.04487024247646332,-0.3344716429710388,-0.133621945977211,-0.10867169499397278,0.03746602311730385,-0.08845244348049164,-0.06464116275310516,0.13175950944423676,-0.10003133118152618,-0.10082559287548065,0.07369834184646606,-0.014611147344112396,-0.04624667018651962,-0.054170697927474976,0.137385293841362,0.08879327028989792,-0.2604447305202484,0.04672089219093323,0.06146518141031265,0.28505972027778625,0.1672632396221161,0.042533114552497864,0.006451238878071308,-0.15473657846450806,0.08340522646903992,-0.20782971382141113,0.018722351640462875,0.08296674489974976,0.08289538323879242,0.12157419323921204,0.007640942931175232,-0.12023791670799255,0.053603529930114746,0.03888911381363869,-0.20434719324111938,0.04232506453990936,0.1868734508752823,-0.05536526069045067,-0.03266056627035141,-0.0029374361038208008,0.21705852448940277,0.09526775032281876,-0.08682184666395187,-0.1414625644683838,0.11629842966794968,-0.16199292242527008,-0.10143184661865234,0.043985817581415176,-0.11389289796352386,-0.18597650527954102,-0.21040484309196472,0.046537548303604126,0.4508682191371918,0.13923944532871246,-0.197518989443779,-0.0009490028023719788,-0.08511938154697418,-0.0006363242864608765,0.20192593336105347,0.1314321756362915,0.01472894474864006,-0.03535550832748413,0.0016399985179305077,0.012468263506889343,0.19848833978176117,-0.10281655937433243,-0.026709988713264465,0.20321832597255707,0.0007756054401397705,0.022484995424747467,0.046118564903736115,0.03255852311849594,-0.0567144900560379,0.04750893637537956,-0.14749759435653687,-0.043607473373413086,0.08389315009117126,-0.05762439966201782,0.00860626995563507,0.16174203157424927,-0.19485168159008026,0.22134564816951752,0.02182856947183609,-0.04173588752746582,0.11581066995859146,-0.011768072843551636,-0.06652713567018509,-0.020763054490089417,0.1512434482574463,-0.2311340570449829,0.19978253543376923,0.1290741264820099,0.04477837681770325,0.09786958247423172,0.028608158230781555,0.10201162099838257,0.0027210265398025513,-0.053303062915802,-0.22424925863742828,-0.05185996741056442,0.14297281205654144,0.02645283192396164,-0.02141183614730835,-0.07832379639148712
0.04217394441366196,0.024729594588279724,0.009411745704710484,-0.026483776047825813,-0.1261269748210907,-0.0516444593667984,-0.03817259147763252,-0.1241178959608078,0.08600960671901703,-0.07711011171340942,0.19849258661270142,-0.10263222455978394,-0.15949946641921997,0.012632898986339569,-0.06136241927742958,0.15536725521087646,-0.16087695956230164,-0.0535769984126091,-0.08893013000488281,0.0287783145904541,0.03510133549571037,0.0368078351020813,-0.02572844922542572,0.02356317639350891,-0.06802728772163391,-0.2939685583114624,-0.1347104161977768,-0.08935617655515671,0.04335173964500427,-0.079472616314888,-0.0776233896613121,0.0856962576508522,-0.1325303465127945,-0.10831105709075928,0.08101242780685425,-0.024788472801446915,-0.021174468100070953,-0.0745539739727974,0.1582118570804596,0.07693026959896088,-0.2541971802711487,0.08764691650867462,0.07106982171535492,0.24986988306045532,0.17272832989692688,0.04498453065752983,0.04474451765418053,-0.18483780324459076,0.10877123475074768,-0.1883968859910965,0.056907013058662415,0.0854240208864212,0.10881797224283218,0.09949285537004471,-0.022093690931797028,-0.10087775439023972,0.04936537146568298,0.08169969916343689,-0.17865365743637085,0.06262201070785522,0.18214097619056702,-0.023931220173835754,-0.025687096640467644,-0.026026904582977295,0.19807448983192444,0.0841120108962059,-0.09616755694150925,-0.16094185411930084,0.11772825568914413,-0.1349877268075943,-0.104706309735775,0.05079253390431404,-0.11670935153961182,-0.17069149017333984,-0.24827605485916138,0.03546722233295441,0.47778600454330444,0.1042415127158165,-0.20629197359085083,0.005230121314525604,-0.10517840832471848,-0.014261994510889053,0.1664896160364151,0.11611814796924591,0.002105657011270523,-0.022224172949790955,-0.009427307173609734,0.024251699447631836,0.24120137095451355,-0.10412465035915375,-0.02348824217915535,0.19454756379127502,0.011642947793006897,0.03138262778520584,0.04371335729956627,0.08663006126880646,-0.05808885395526886,0.05447148531675339,-0.10440593212842941,-0.020782776176929474,0.08937142789363861,-0.04817233234643936,0.023997530341148376,0.14263099431991577,-0.1917145550251007,0.20798861980438232,0.001532040536403656,-0.025058213621377945,0.1048915684223175,-0.003651142120361328,-0.04291599243879318,-0.04097039997577667,0.14523343741893768,-0.2393820881843567,0.18761833012104034,0.14388597011566162,0.05614188313484192,0.07032573968172073,0.0405256524682045,0.09693349897861481,0.001242220401763916,-0.03960369527339935,-0.2081671804189682,-0.05480765923857689,0.10918981581926346,0.013482503592967987,0.02325521409511566,-0.03205549716949463
0.03079819679260254,-0.003795720636844635,-0.017113391309976578,-0.013844979926943779,-0.08939896523952484,-0.05948438495397568,-0.009298894554376602,-0.12073290348052979,0.1206643134355545,-0.0794234424829483,0.13800320029258728,-0.12130634486675262,-0.1327851265668869,-0.011310696601867676,-0.05167282745242119,0.14755256474018097,-0.1549009382724762,-0.06217772513628006,-0.0787309855222702,0.03242409974336624,0.06808032840490341,0.042853958904743195,-0.03670688718557358,0.027856677770614624,-0.05339699983596802,-0.28507447242736816,-0.10966064035892487,-0.09407249093055725,0.026596853509545326,-0.046616509556770325,-0.08264719694852829,0.12088264524936676,-0.1243409514427185,-0.08184433728456497,0.06948253512382507,0.039496392011642456,-0.04525081813335419,-0.07352890819311142,0.14575818181037903,0.03618564084172249,-0.2738659679889679,0.07799282670021057,0.08036690950393677,0.20935186743736267,0.18765269219875336,0.05462411791086197,-0.009148209355771542,-0.15958945453166962,0.1386764943599701,-0.2055351287126541,-0.008346635848283768,0.1149265319108963,0.10487264394760132,0.0916844978928566,-0.008460789918899536,-0.09964655339717865,0.06093183159828186,0.06849578768014908,-0.18092280626296997,0.023382043465971947,0.1472063511610031,-0.061828311532735825,-0.013446911238133907,-0.03737867623567581,0.21806496381759644,0.08851779252290726,-0.10492424666881561,-0.13836559653282166,0.12016094475984573,-0.16377553343772888,-0.10603997111320496,0.06182270497083664,-0.11628955602645874,-0.19143474102020264,-0.23497170209884644,0.030405133962631226,0.44163376092910767,0.10271018743515015,-0.1752208024263382,0.03240717574954033,-0.08119507879018784,0.0195743590593338,0.17670376598834991,0.12711447477340698,-0.005083087831735611,-0.03014245629310608,-0.04247239977121353,-0.03271925449371338,0.2477564513683319,-0.10672036558389664,-0.019998423755168915,0.16574335098266602,-0.003098726272583008,0.06036863476037979,0.0035744663327932358,0.03241676092147827,-0.04427797347307205,0.05968225747346878,-0.12108220905065536,-0.02233225107192993,0.09350543469190598,-0.044414326548576355,0.014050468802452087,0.1542259156703949,-0.1633938103914261,0.17604786157608032,-0.010938376188278198,-0.012890461832284927,0.10763711482286453,-0.020222246646881104,-0.04997927322983742,-0.02330520749092102,0.12614792585372925,-0.22188350558280945,0.20002451539039612,0.12012907862663269,0.05481427162885666,0.07699382305145264,0.04963243752717972,0.10914547741413116,-0.016305774450302124,-0.028236359357833862,-0.2435450553894043,-0.04609251767396927,0.13802485167980194,0.017895005643367767,0.014738216996192932,-0.042946238070726395
0.0006448104977607727,0.010379813611507416,-0.00186898373067379,-0.026285352185368538,-0.08669564872980118,-0.045447006821632385,0.004441477358341217,-0.1090666726231575,0.1357249617576599,-0.09933013468980789,0.16963015496730804,-0.12726467847824097,-0.16408412158489227,0.004136089235544205,-0.04784853756427765,0.13734649121761322,-0.14478141069412231,-0.03960508480668068,-0.0862831100821495,0.05087391287088394,0.10869237035512924,0.04738254472613335,-0.03480454534292221,0.015438064932823181,-0.07564795017242432,-0.2764210104942322,-0.09877318143844604,-0.08873923122882843,0.043907854706048965,-0.04713675379753113,-0.09987302124500275,0.09332038462162018,-0.1320190727710724,-0.09242279827594757,0.04118948429822922,0.03896758705377579,-0.07016557455062866,-0.06467407196760178,0.16473335027694702,0.027122722938656807,-0.27956944704055786,0.03702592849731445,0.05079318583011627,0.18863144516944885,0.150251567363739,0.05238897353410721,-0.0037787575274705887,-0.15979112684726715,0.11806263029575348,-0.22088848054409027,0.01864895410835743,0.11700905859470367,0.10699902474880219,0.11389943957328796,-0.003555484116077423,-0.1016090139746666,0.043596893548965454,0.09814830124378204,-0.16110561788082123,0.016647882759571075,0.1494310200214386,-0.06584671884775162,-5.414523184299469e-05,-0.04348368942737579,0.22293806076049805,0.0871991515159607,-0.10511869937181473,-0.11291246861219406,0.12431583553552628,-0.13153833150863647,-0.10432244837284088,0.05166592448949814,-0.10297460108995438,-0.1796044409275055,-0.23288539052009583,0.02267858386039734,0.42309820652008057,0.0896337553858757,-0.16394272446632385,0.025415245443582535,-0.10999111831188202,0.0005189180374145508,0.18186527490615845,0.118927963078022,0.01347539946436882,-0.01736554503440857,-0.019756436347961426,-0.01631753146648407,0.22993208467960358,-0.13219350576400757,0.006365420296788216,0.17657440900802612,0.009899333119392395,0.06848817318677902,-0.0019869033712893724,0.024854451417922974,-0.04728230834007263,0.05491458252072334,-0.0851726308465004,0.008057527244091034,0.08918087184429169,-0.04171743616461754,0.01774822175502777,0.1514163613319397,-0.16837956011295319,0.17908073961734772,0.009993225336074829,-0.0024242401123046875,0.13038089871406555,-0.03277269005775452,-0.04299259930849075,-0.047751620411872864,0.10971774160861969,-0.22594593465328217,0.19409245252609253,0.1114686131477356,0.025191612541675568,0.08635196089744568,0.05157409608364105,0.1082080826163292,0.0045273154973983765,-0.017864078283309937,-0.26637959480285645,-0.03431282564997673,0.16031154990196228,0.024729028344154358,-0.0026467442512512207,-0.035200491547584534
-0.009158529341220856,0.03820020705461502,-0.005682552233338356,-0.034778617322444916,-0.13660448789596558,-0.04889046400785446,0.004996832460165024,-0.08390172570943832,0.14913614094257355,-0.10402756929397583,0.18394525349140167,-0.12628600001335144,-0.18581777811050415,0.04186788573861122,-0.036741890013217926,0.15129441022872925,-0.11628375947475433,-0.02970751002430916,-0.08148382604122162,0.03345257043838501,0.1025446206331253,0.020109977573156357,-0.053508203476667404,0.015318796038627625,-0.05929941684007645,-0.3116244971752167,-0.09444492310285568,-0.08699105679988861,0.01633843034505844,-0.10994960367679596,-0.07076192647218704,0.13442033529281616,-0.09277720004320145,-0.11379587650299072,0.0519484244287014,0.024686090648174286,-0.05468253791332245,-0.03638599067926407,0.16364572942256927,0.022773656994104385,-0.2627045512199402,0.004731506109237671,0.06279007345438004,0.21788911521434784,0.12075711786746979,0.08499343693256378,0.01975686103105545,-0.14700885117053986,0.08682600408792496,-0.20494216680526733,0.012410726398229599,0.08225931972265244,0.09718875586986542,0.10795757919549942,-0.010026000440120697,-0.11592097580432892,0.04875043034553528,0.09386487305164337,-0.2089630663394928,0.018399678170681,0.17073242366313934,-0.07287716865539551,-0.03945881873369217,-0.011569902300834656,0.24705569446086884,0.11412712931632996,-0.07631416618824005,-0.1099972277879715,0.15896886587142944,-0.12890592217445374,-0.10037555545568466,0.017537491396069527,-0.11471300572156906,-0.19270695745944977,-0.1875518560409546,0.027938157320022583,0.39035046100616455,0.103586345911026,-0.1601775884628296,-0.016716253012418747,-0.07607904076576233,-0.0017183125019073486,0.17846138775348663,0.08272507786750793,-0.001507539302110672,-0.0495937243103981,0.001965124160051346,0.009652599692344666,0.22097021341323853,-0.12489453703165054,0.016477707773447037,0.16534240543842316,0.029476631432771683,0.029370330274105072,-0.003909267485141754,0.023004703223705292,-0.052834995090961456,0.07330287992954254,-0.12881074845790863,-0.013682350516319275,0.09503631293773651,-0.041190750896930695,0.02426844835281372,0.16204798221588135,-0.19687426090240479,0.16349534690380096,-0.00629163533449173,-0.03452032804489136,0.09020280092954636,-0.012214601039886475,-0.048896729946136475,-0.06815220415592194,0.12942719459533691,-0.1880556344985962,0.18503925204277039,0.15995818376541138,0.03680075332522392,0.08462934195995331,0.03248266875743866,0.08375824242830276,0.061321720480918884,-0.04476908594369888,-0.2627828121185303,-0.02625037170946598,0.17206867039203644,0.022205770015716553,-0.03172716498374939,-0.047385700047016144
0.04914500564336777,0.025852680206298828,-0.0011627636849880219,-0.044216446578502655,-0.13881449401378632,-0.030127868056297302,0.03365975618362427,-0.1033644825220108,0.15235155820846558,-0.11451490223407745,0.17549674212932587,-0.13245299458503723,-0.18885818123817444,0.026805754750967026,-0.043076422065496445,0.12147624045610428,-0.13289065659046173,-0.047648921608924866,-0.105052649974823,0.016943395137786865,0.09433991461992264,0.05365616828203201,-0.042685773223638535,-0.003265872597694397,-0.08795885741710663,-0.3054637908935547,-0.1073174700140953,-0.09503215551376343,0.020533230155706406,-0.061911433935165405,-0.034167878329753876,0.11365194618701935,-0.12120212614536285,-0.06329479813575745,0.044784605503082275,-0.014821141958236694,-0.08419627696275711,-0.04205525666475296,0.18794922530651093,0.04561476409435272,-0.2750714421272278,0.034523651003837585,0.054009810090065,0.20315015316009521,0.10138087719678879,0.04764987900853157,0.012397021055221558,-0.1509285867214203,0.0889350175857544,-0.20931193232536316,0.03176462650299072,0.13747628033161163,0.12575210630893707,0.0929127037525177,0.009051047265529633,-0.07711808383464813,0.05353167653083801,0.09241286665201187,-0.1974974274635315,0.03849431127309799,0.18349872529506683,-0.10093243420124054,-0.06021490693092346,-0.012796975672245026,0.21078790724277496,0.08956240117549896,-0.09060097485780716,-0.10625079274177551,0.134856715798378,-0.13450826704502106,-0.11182801425457001,0.03307304531335831,-0.09985661506652832,-0.1869836449623108,-0.20540376007556915,0.03687421977519989,0.46511727571487427,0.0937061682343483,-0.18997029960155487,-0.005643550306558609,-0.10176387429237366,0.005973447114229202,0.19385378062725067,0.10052399337291718,-0.02192705124616623,-0.054996758699417114,-0.029154106974601746,0.03558178246021271,0.20643655955791473,-0.1620924174785614,0.005365164950489998,0.17660535871982574,0.033312030136585236,0.040917955338954926,-0.013182051479816437,0.006141945719718933,-0.05390123277902603,0.057932063937187195,-0.08263508975505829,0.013649776577949524,0.11740581691265106,-0.04840069264173508,-0.001574680209159851,0.13033427298069,-0.1914425939321518,0.19574841856956482,0.017463043332099915,-0.07880911231040955,0.11073525249958038,-0.03298093378543854,-0.0464249849319458,-0.05854947865009308,0.1273433119058609,-0.22265443205833435,0.18502956628799438,0.1194847971200943,0.006774422712624073,0.10749278962612152,0.03282081335783005,0.09672768414020538,0.02230021357536316,-0.05444835126399994,-0.2556512653827667,-0.06319867819547653,0.15449847280979156,0.03507910668849945,-0.01691308617591858,-0.06058160215616226
0.03419031202793121,0.04698876664042473,0.000998716801404953,-0.04642961919307709,-0.10422111302614212,-0.03667870908975601,0.01904189959168434,-0.10326701402664185,0.18853884935379028,-0.08788127452135086,0.21819725632667542,-0.09725294262170792,-0.15249547362327576,0.0030503645539283752,-0.03580312803387642,0.10767488181591034,-0.1871308982372284,-0.042111363261938095,-0.06840994954109192,-2.2679567337036133e-05,0.07193425297737122,0.07588163018226624,-0.03137918561697006,0.013769090175628662,-0.06282848864793777,-0.31885644793510437,-0.0911097526550293,-0.11316420137882233,0.06369921565055847,-0.06269839406013489,-0.047678932547569275,0.11909393966197968,-0.1485733687877655,-0.11043986678123474,0.06734413653612137,-0.02237667143344879,-0.10176046937704086,-0.03659069538116455,0.17445456981658936,0.029055336490273476,-0.24397686123847961,0.07694944739341736,0.07458075881004333,0.2366461157798767,0.10954398661851883,0.0699911117553711,-0.021274523809552193,-0.17179568111896515,0.09823920577764511,-0.178945392370224,0.04006020352244377,0.15418043732643127,0.13147801160812378,0.09569257497787476,0.0025658905506134033,-0.09755293279886246,0.03751012682914734,0.05377084016799927,-0.20117756724357605,0.05773107334971428,0.17877860367298126,-0.09063304960727692,-0.01836189068853855,-0.025468163192272186,0.2006584256887436,0.0773739367723465,-0.08616366982460022,-0.11492905020713806,0.07215692102909088,-0.13690367341041565,-0.09871989488601685,0.05513501167297363,-0.08870986104011536,-0.19914653897285461,-0.17510400712490082,0.03586094081401825,0.4131777882575989,0.08563385903835297,-0.1669926643371582,0.017396874725818634,-0.08759057521820068,-0.04298824816942215,0.1674666702747345,0.13752347230911255,-0.02512950450181961,-0.04232776165008545,-0.013807857409119606,0.032821059226989746,0.1971195936203003,-0.12638938426971436,0.010331960394978523,0.21399855613708496,-0.0006652101874351501,0.044646844267845154,-0.013960513286292553,0.010736912488937378,-0.08834663033485413,0.07456263899803162,-0.09326142072677612,-0.01485249400138855,0.08712663501501083,-0.031364556401968,0.0038745105266571045,0.11551408469676971,-0.1977706253528595,0.1869206428527832,0.014911159873008728,-0.04473114758729935,0.12241252511739731,-0.04372623562812805,-0.008376404643058777,-0.06792892515659332,0.11499416083097458,-0.2243180274963379,0.2244138866662979,0.10360828042030334,0.050831712782382965,0.1310465931892395,0.02402403950691223,0.06830617785453796,0.017573818564414978,-0.058109067380428314,-0.23917707800865173,-0.03346285969018936,0.13769379258155823,0.014057576656341553,0.012023165822029114,-0.06910044699907303
0.03364807367324829,0.029561273753643036,-0.01963694952428341,-0.0035661188885569572,-0.09268373250961304,-0.0031975656747817993,0.0012270137667655945,-0.08819890767335892,0.1932263821363449,-0.06494683772325516,0.1872107833623886,-0.10854385793209076,-0.1467326432466507,0.011901617050170898,-0.0316329263150692,0.11623850464820862,-0.1679893136024475,-0.03947506472468376,-0.061548035591840744,0.013251960277557373,0.08596543222665787,0.062147293239831924,-0.04085741192102432,0.0176437646150589,-0.08974941074848175,-0.3269563913345337,-0.08676229417324066,-0.1449785977602005,0.061833128333091736,-0.0740448534488678,-0.059289444237947464,0.12893392145633698,-0.14792965352535248,-0.09951633214950562,0.06397034227848053,-0.0074958279728889465,-0.08204005658626556,-0.03933399170637131,0.17894068360328674,0.046433862298727036,-0.2447812259197235,0.0474235862493515,0.07011880725622177,0.22663640975952148,0.10292185842990875,0.07512512058019638,-3.0327588319778442e-05,-0.14621825516223907,0.08138319104909897,-0.1816224455833435,0.012087393552064896,0.1498396247625351,0.12020177394151688,0.10849115997552872,0.006176471710205078,-0.11258229613304138,0.03891715407371521,0.05284200608730316,-0.19451214373111725,0.06237536668777466,0.173380047082901,-0.07107757031917572,-0.028444506227970123,-0.01768288016319275,0.22379186749458313,0.0892927423119545,-0.06465116143226624,-0.11836349219083786,0.09469162672758102,-0.13296540081501007,-0.09521155804395676,0.053307387977838516,-0.09484750032424927,-0.21236246824264526,-0.17617610096931458,0.03337359428405762,0.40879571437835693,0.09816241264343262,-0.18092821538448334,0.020437803119421005,-0.07593975216150284,-0.02414323017001152,0.18673495948314667,0.1231575459241867,-0.004738658666610718,-0.03340575098991394,-0.004969382658600807,0.010890930891036987,0.21029908955097198,-0.11620359122753143,0.03586594760417938,0.1776929646730423,-0.005677998065948486,0.023576155304908752,-0.017329609021544456,-0.006637111306190491,-0.07567688077688217,0.07394582033157349,-0.09852113574743271,-0.02564086765050888,0.08102491497993469,-0.012164784595370293,0.02264559268951416,0.12104145437479019,-0.1965695470571518,0.16268377006053925,0.011983416974544525,-0.06821852922439575,0.11562056839466095,-0.02473793923854828,-0.02870999649167061,-0.055080488324165344,0.13472497463226318,-0.22607852518558502,0.21212545037269592,0.10621298849582672,0.032938823103904724,0.11989416182041168,0.020121753215789795,0.10538158565759659,0.00683063268661499,-0.035951197147369385,-0.26113051176071167,-0.03507070988416672,0.13772131502628326,0.015279553830623627,-0.026832744479179382,-0.0825267881155014
-0.009431153535842896,0.062427669763565063,0.02210109867155552,-0.04996757581830025,-0.10568554699420929,-0.012826666235923767,-0.022097129374742508,-0.0941711813211441,0.17180059850215912,-0.10746674984693527,0.24116338789463043,-0.0959993526339531,-0.2083224505186081,0.01231914758682251,-0.05091262608766556,0.17795106768608093,-0.16009584069252014,-0.04568853601813316,-0.1007772758603096,0.03123115748167038,0.0834701806306839,0.04797212779521942,-0.008158065378665924,0.05376412719488144,-0.07700416445732117,-0.4040607213973999,-0.08912302553653717,-0.13797543942928314,0.021905886009335518,-0.04384554922580719,-0.06260950863361359,0.08320456743240356,-0.11683416366577148,-0.07869802415370941,0.040454037487506866,-0.03777161240577698,-0.08862251043319702,-0.053158558905124664,0.19725334644317627,0.09720078855752945,-0.2626875042915344,0.051247045397758484,0.043054573237895966,0.2498224675655365,0.12151157110929489,0.07760760188102722,0.06738012284040451,-0.15161941945552826,0.0950954332947731,-0.20912106335163116,0.03737641125917435,0.110818050801754,0.1438855528831482,0.09035301953554153,0.04576500505208969,-0.12541338801383972,0.04377815127372742,0.04649727791547775,-0.24590560793876648,0.04426205903291702,0.14283929765224457,-0.02833523228764534,-0.03702516481280327,-0.0478760302066803,0.2062882035970688,0.11431004106998444,-0.09140188246965408,-0.09939374029636383,0.1224435344338417,-0.14394962787628174,-0.054660990834236145,0.041522931307554245,-0.11413593590259552,-0.22487106919288635,-0.19324274361133575,0.004993855953216553,0.4044686555862427,0.14405952394008636,-0.17737382650375366,-0.026651594787836075,-0.07321684062480927,-0.046191900968551636,0.14783495664596558,0.09917425364255905,-0.01729457825422287,-0.023073643445968628,0.013156360946595669,0.019131019711494446,0.17617812752723694,-0.11305462568998337,0.029887517914175987,0.25794318318367004,0.024936802685260773,0.012270696461200714,-0.0030581019818782806,0.013764828443527222,-0.09693294018507004,0.06848038733005524,-0.0889776423573494,0.0049104392528533936,0.02248845249414444,-0.028528669849038124,0.03621019423007965,0.037181973457336426,-0.22394901514053345,0.1781211942434311,-0.001980513334274292,-0.04372080788016319,0.07440806180238724,0.0009722262620925903,-0.08671711385250092,-0.06618340313434601,0.14345099031925201,-0.21450252830982208,0.16450104117393494,0.15932218730449677,0.058096349239349365,0.11886990815401077,0.04342195391654968,0.05141624063253403,0.007950156927108765,-0.05930427461862564,-0.2414935827255249,-0.03850429505109787,0.14333029091358185,-0.015820689499378204,-0.0035540610551834106,-0.053480807691812515
